,Unnamed: 0.1,Title,Studio,Opening,Date,Director,Budget,imdbID,Month,Year,Ticket_Price,Actor,Genre,Writer,Ratings
0,,Avengers: Infinity War,BV,257698183.0,4/27/18,"Anthony Russo, Joe Russo",321000000.0,tt4154756,Apr,2018,,"Robert Downey Jr., Chris Hemsworth, Mark Ruffalo, Chris Evans","Action, Adventure, Fantasy","Christopher Markus (screenplay by), Stephen McFeely (screenplay by), Stan Lee (based on the Marvel comics by), Jack Kirby (based on the Marvel comics by), Joe Simon (Captain America created by), Jack Kirby (Captain America created by), Steve Englehart (Star-Lord created by), Steve Gan (Star-Lord created by), Bill Mantlo (Rocket Raccoon created by), Keith Giffen (Rocket Raccoon created by), Jim Starlin (Thanos,  Gamora and Drax created by), Stan Lee (Groot created by), Larry Lieber (Groot created by), Jack Kirby (Groot created by), Steve Englehart (Mantis created by), Don Heck (Mantis created by)",0.83
1,Jan,Star Wars: The Force Awakens,BV,247966675.0,12/18/15,J.J. Abrams,245000000.0,tt2488496,Dec,2015,$8.43 ,"Harrison Ford, Mark Hamill, Carrie Fisher, Adam Driver","Action, Adventure, Fantasy","Lawrence Kasdan, J.J. Abrams, Michael Arndt, George Lucas (based on characters created by)",0.93
2,Feb,Star Wars: The Last Jedi,BV,220009584.0,12/15/17,Rian Johnson,620181382.0,tt2527336,Dec,2017,$8.97 ,"Mark Hamill, Carrie Fisher, Adam Driver, Daisy Ridley","Action, Adventure, Fantasy","Rian Johnson, George Lucas (based on characters created by)",0.91
3,Mar,Jurassic World,Uni.,208806270.0,6/12/15,Colin Trevorrow,150000000.0,tt0369610,Jun,2015,$8.43 ,"Chris Pratt, Bryce Dallas Howard, Irrfan Khan, Vincent D'Onofrio","Action, Adventure, Sci-Fi","Rick Jaffa (screenplay by), Amanda Silver (screenplay by), Colin Trevorrow (screenplay by), Derek Connolly (screenplay by), Rick Jaffa (story by), Amanda Silver (story by), Michael Crichton (based on the characters created by)",0.71
4,Apr,Marvel's The Avengers,BV,207438708.0,5/4/12,,,,May,2012,$7.96 ,,,,
5,May,Black Panther,BV,202003951.0,2/16/18,Ryan Coogler,200000000.0,tt1825683,Feb,2018,,"Chadwick Boseman, Michael B. Jordan, Lupita Nyong'o, Danai Gurira","Action, Adventure, Sci-Fi","Ryan Coogler, Joe Robert Cole, Stan Lee (based on the Marvel Comics by), Jack Kirby (based on the Marvel Comics by)",0.97
6,Jun,Avengers: Age of Ultron,BV,191271109.0,5/1/15,Joss Whedon,250000000.0,tt2395427,May,2015,$8.43 ,"Robert Downey Jr., Chris Hemsworth, Mark Ruffalo, Chris Evans","Action, Adventure, Sci-Fi","Joss Whedon, Stan Lee (based on the Marvel comics by), Jack Kirby (based on the Marvel comics by), Joe Simon (character created by: Captain America), Jack Kirby (character created by: Captain America), Jim Starlin (character created by: Thanos)",0.75
7,July,Incredibles 2,BV,182687905.0,6/15/18,Brad Bird,200000000.0,tt3606756,Jun,2018,,"Craig T. Nelson, Holly Hunter, Sarah Vowell, Huck Milner","Animation, Action, Adventure",Brad Bird,0.94
8,Aug,Captain America: Civil War,BV,179139142.0,5/6/16,"Anthony Russo, Joe Russo",250000000.0,tt3498820,May,2016,$8.65 ,"Chris Evans, Robert Downey Jr., Scarlett Johansson, Sebastian Stan","Action, Adventure, Sci-Fi","Christopher Markus (screenplay by), Stephen McFeely (screenplay by), Joe Simon (based on the Marvel comics by), Jack Kirby (based on the Marvel comics by)",0.91
9,Sept,Beauty and the Beast (2017),BV,174750616.0,3/17/17,,,,Mar,2017,$8.97 ,,,,
10,Oct,Iron Man 3,BV,174144585.0,5/3/13,Shane Black,200000000.0,tt1300854,May,2013,$8.13 ,"Robert Downey Jr., Gwyneth Paltrow, Don Cheadle, Guy Pearce","Action, Adventure, Sci-Fi","Drew Pearce (screenplay by), Shane Black (screenplay by), Stan Lee (based on the Marvel comic book by), Don Heck (based on the Marvel comic book by), Larry Lieber (based on the Marvel comic book by), Jack Kirby (based on the Marvel comic book by), Warren Ellis (based on the ""Extremis"" mini-series written by), Adi Granov (based on the ""Extremis"" mini-series illustrated by)",0.8
11,Nov,Harry Potter and the Deathly Hallows Part 2,WB,169189427.0,7/15/11,David Yates,125000000.0,tt1201607,July,2011,$7.93 ,"Ralph Fiennes, Michael Gambon, Alan Rickman, Daniel Radcliffe","Adventure, Drama, Fantasy","Steve Kloves (screenplay), J.K. Rowling (novel)",0.96
12,Dec,Batman v Superman: Dawn of Justice,WB,166007347.0,3/25/16,Zack Snyder,250000000.0,tt2975590,Mar,2016,$8.65 ,"Ben Affleck, Henry Cavill, Amy Adams, Jesse Eisenberg","Action, Adventure, Fantasy","Chris Terrio, David S. Goyer, Bob Kane (Batman created by), Bill Finger (Batman created by), Jerry Siegel (Superman created by), Joe Shuster (Superman created by), William Moulton Marston (character created by: Wonder Woman)",0.27
13,13,The Dark Knight Rises,WB,160887295.0,7/20/12,Christopher Nolan,250000000.0,tt1345836,July,2012,$7.96 ,"Christian Bale, Gary Oldman, Tom Hardy, Joseph Gordon-Levitt","Action, Thriller","Jonathan Nolan (screenplay), Christopher Nolan (screenplay), Christopher Nolan (story), David S. Goyer (story), Bob Kane (characters)",0.87
14,14,The Dark Knight,WB,158411483.0,7/18/08,Christopher Nolan,185000000.0,tt0468569,July,2008,$7.18 ,"Christian Bale, Heath Ledger, Aaron Eckhart, Michael Caine","Action, Crime, Drama","Jonathan Nolan (screenplay), Christopher Nolan (screenplay), Christopher Nolan (story), David S. Goyer (story), Bob Kane (characters)",0.94
15,15,The Hunger Games: Catching Fire,LGF,158074286.0,11/22/13,Francis Lawrence,130000000.0,tt1951264,Nov,2013,$8.13 ,"Jennifer Lawrence, Liam Hemsworth, Jack Quaid, Taylor St. Clair","Action, Adventure, Mystery","Simon Beaufoy (screenplay), Michael Arndt (screenplay), Suzanne Collins (novel)",0.89
16,16,Rogue One: A Star Wars Story,BV,155081681.0,12/16/16,Gareth Edwards,200000000.0,tt3748528,Dec,2016,$8.65 ,"Felicity Jones, Diego Luna, Alan Tudyk, Donnie Yen","Action, Adventure, Sci-Fi","Chris Weitz (screenplay by), Tony Gilroy (screenplay by), John Knoll (story by), Gary Whitta (story by), George Lucas (based on characters created by)",0.85
17,17,The Hunger Games,LGF,152535747.0,3/23/12,Gary Ross,78000000.0,tt1392170,Mar,2012,$7.96 ,"Stanley Tucci, Wes Bentley, Jennifer Lawrence, Willow Shields","Adventure, Sci-Fi, Thriller","Gary Ross (screenplay), Suzanne Collins (screenplay), Billy Ray (screenplay), Suzanne Collins (novel)",0.84
18,18,Spider-Man 3,Sony,151116516.0,5/4/07,Sam Raimi,258000000.0,tt0413300,May,2007,$6.88 ,"Tobey Maguire, Kirsten Dunst, James Franco, Thomas Haden Church","Action, Adventure, Sci-Fi","Sam Raimi (screenplay), Ivan Raimi (screenplay), Alvin Sargent (screenplay), Sam Raimi (screen story), Ivan Raimi (screen story), Stan Lee (Marvel comic book), Steve Ditko (Marvel comic book)",0.63
19,19,Jurassic World: Fallen Kingdom,Uni.,148024610.0,6/22/18,J.A. Bayona,170000000.0,tt4881806,Jun,2018,,"Chris Pratt, Bryce Dallas Howard, Rafe Spall, Justice Smith","Action, Adventure, Sci-Fi","Derek Connolly, Colin Trevorrow, Michael Crichton (based on characters created by)",0.63
20,20,Furious 7,Uni.,147187040.0,4/3/15,James Wan,190000000.0,tt2820852,Apr,2015,$8.43 ,"Vin Diesel, Paul Walker, Jason Statham, Michelle Rodriguez","Action, Crime, Thriller","Chris Morgan, Gary Scott Thompson (characters)",0.8
21,21,Guardians of the Galaxy Vol. 2,BV,146510104.0,5/5/17,James Gunn,200000000.0,tt3896198,May,2017,$8.97 ,"Chris Pratt, Zoe Saldana, Dave Bautista, Vin Diesel","Action, Adventure, Sci-Fi","James Gunn, Dan Abnett (based on the Marvel comics by), Andy Lanning (based on the Marvel comics by), Steve Englehart (Star-Lord created by), Steve Gan (Star-Lord created by), Jim Starlin (Gamora and Drax created by), Stan Lee (Groot created by), Larry Lieber (Groot created by), Jack Kirby (Groot created by), Bill Mantlo (Rocket Raccoon created by), Keith Giffen (Rocket Raccoon created by), Steve Gerber (Howard the Duck created by), Val Mayerik (Howard the Duck created by)",0.83
22,22,The Twilight Saga: New Moon,Sum.,142839137.0,11/20/09,Chris Weitz,50000000.0,tt1259571,Nov,2009,$7.50 ,"Kristen Stewart, Christina Jastrzembska, Robert Pattinson, Billy Burke","Adventure, Drama, Fantasy","Melissa Rosenberg (screenplay), Stephenie Meyer (novel)",0.28
23,23,The Twilight Saga: Breaking Dawn Part 2,LG/S,141067634.0,11/16/12,Bill Condon,120000000.0,tt1673434,Nov,2012,$7.96 ,"Kristen Stewart, Robert Pattinson, Taylor Lautner, Peter Facinelli","Adventure, Drama, Fantasy","Melissa Rosenberg (screenplay), Stephenie Meyer (novel)",0.48
24,24,The Twilight Saga: Breaking Dawn Part 1,Sum.,138122261.0,11/18/11,,,tt2395475,Nov,2011,$7.93 ,Juley Ross,Short,N/A,
25,25,Pirates of the Caribbean: Dead Man's Chest,BV,135634554.0,7/7/06,,,,July,2006,$6.55 ,,,,
26,26,Finding Dory,BV,135060273.0,6/17/16,"Andrew Stanton, Angus MacLane(co-director)",200000000.0,tt2277860,Jun,2016,$8.65 ,"Ellen DeGeneres, Albert Brooks, Ed O'Neill, Kaitlin Olson","Animation, Adventure, Comedy","Andrew Stanton (original story by), Andrew Stanton (screenplay by), Victoria Strouse (screenplay by), Bob Peterson (additional screenplay material by), Angus MacLane (additional story material by)",0.94
27,27,Suicide Squad,WB,133682248.0,8/5/16,David Ayer,175000000.0,tt1386697,Aug,2016,$8.65 ,"Will Smith, Jaime FitzSimons, Ike Barinholtz, Margot Robbie","Action, Adventure, Fantasy",David Ayer,0.27
28,28,Deadpool,Fox,132434639.0,2/12/16,Tim Miller,58000000.0,tt1431045,Feb,2016,$8.65 ,"Ryan Reynolds, Karan Soni, Ed Skrein, Michael Benyaer","Action, Adventure, Comedy","Rhett Reese, Paul Wernick",0.83
29,29,Iron Man 2,Par.,128122480.0,5/7/10,Jon Favreau,200000000.0,tt1228705,May,2010,$7.89 ,"Robert Downey Jr., Gwyneth Paltrow, Don Cheadle, Scarlett Johansson","Action, Adventure, Sci-Fi","Justin Theroux (screenplay), Stan Lee (Marvel comic book), Don Heck (Marvel comic book), Larry Lieber (Marvel comic book), Jack Kirby (Marvel comic book)",0.73
30,30,Deadpool 2,Fox,125507153.0,5/18/18,David Leitch,110000000.0,tt5463162,May,2018,,"Ryan Reynolds, Josh Brolin, Morena Baccarin, Julian Dennison","Action, Adventure, Comedy","Rhett Reese, Paul Wernick, Ryan Reynolds",0.82
31,32,It,WB (NL),123403419.0,9/8/17,Andy Muschietti,35000000.0,tt1396484,Sept,2017,$8.97 ,"Jaeden Lieberher, Jeremy Ray Taylor, Sophia Lillis, Finn Wolfhard","Drama, Horror, Thriller","Chase Palmer (screenplay by), Cary Joji Fukunaga (screenplay by), Gary Dauberman (screenplay by), Stephen King (based on the novel by)",0.85
32,33,Thor: Ragnarok,BV,122744989.0,11/3/17,Taika Waititi,180000000.0,tt3501632,Nov,2017,$8.97 ,"Chris Hemsworth, Tom Hiddleston, Cate Blanchett, Idris Elba","Action, Adventure, Comedy","Eric Pearson, Craig Kyle, Christopher Yost, Stan Lee (based on the comics by), Larry Lieber (based on the comics by), Jack Kirby (based on the comics by)",0.92
33,34,The Hunger Games: Mockingjay - Part 1,LGF,121897634.0,11/21/14,Francis Lawrence,125000000.0,tt1951265,Nov,2014,$8.17 ,"Jennifer Lawrence, Josh Hutcherson, Liam Hemsworth, Woody Harrelson","Action, Adventure, Sci-Fi","Peter Craig (screenplay), Danny Strong (screenplay), Suzanne Collins (adaptation), Suzanne Collins (novel)",0.67
34,35,Shrek the Third,P/DW,121629270.0,5/18/07,"Chris Miller, Raman Hui(co-director)",121629270.0,tt0413267,May,2007,$6.88 ,"Mike Myers, Eddie Murphy, Cameron Diaz, Antonio Banderas","Animation, Adventure, Comedy","Jeffrey Price (screenplay by), Peter S. Seaman (screenplay by), Chris Miller (screenplay by), Aron Warner (screenplay by), Andrew Adamson (story by), William Steig (based upon the book by)",0.41
35,36,Spider-Man: Homecoming,Sony,117027503.0,7/7/17,Jon Watts,175000000.0,tt2250912,July,2017,$8.97 ,"Tom Holland, Michael Keaton, Robert Downey Jr., Marisa Tomei","Action, Adventure, Sci-Fi","Jonathan Goldstein (screenplay by), John Francis Daley (screenplay by), Jon Watts (screenplay by), Christopher Ford (screenplay by), Chris McKenna (screenplay by), Erik Sommers (screenplay by), Jonathan Goldstein (screen story by), John Francis Daley (screen story by), Stan Lee (based on the Marvel comic book by), Steve Ditko (based on the Marvel comic book by), Joe Simon (character created by: Captain America), Jack Kirby (character created by: Captain America)",0.92
36,37,Man of Steel,WB,116619362.0,6/14/13,Zack Snyder,225000000.0,tt0770828,Jun,2013,$8.13 ,"Henry Cavill, Amy Adams, Michael Shannon, Diane Lane","Action, Adventure, Fantasy","David S. Goyer (screenplay), David S. Goyer (story), Christopher Nolan (story), Jerry Siegel (Superman created by), Joe Shuster (Superman created by)",0.55
37,38,Alice in Wonderland (2010),BV,116101023.0,3/5/10,,,,Mar,2010,$7.89 ,,,,
38,39,Minions,Uni.,115718405.0,7/10/15,"Kyle Balda, Pierre Coffin",115200000.0,tt2293640,July,2015,$8.43 ,"Sandra Bullock, Jon Hamm, Michael Keaton, Allison Janney","Animation, Action, Adventure",Brian Lynch,0.56
39,40,Spider-Man,Sony,114844116.0,5/3/02,Sam Raimi,139000000.0,tt0145487,May,2002,$5.80 ,"Tobey Maguire, Willem Dafoe, Kirsten Dunst, James Franco","Action, Adventure, Sci-Fi","Stan Lee (Marvel comic book), Steve Ditko (Marvel comic book), David Koepp (screenplay)",0.89
40,41,Pirates of the Caribbean: At World's End,BV,114732820.0,5/25/07,,,,May,2007,$6.88 ,,,,
41,42,Toy Story 3,BV,110307189.0,6/18/10,Lee Unkrich,200000000.0,tt0435761,Jun,2010,$7.89 ,"Tom Hanks, Tim Allen, Joan Cusack, Ned Beatty","Animation, Adventure, Comedy","John Lasseter (story by), Andrew Stanton (story by), Lee Unkrich (story by), Michael Arndt (screenplay by)",0.99
42,43,Transformers: Revenge of the Fallen,P/DW,108966307.0,6/24/09,Michael Bay,200000000.0,tt1055369,Jun,2009,$7.50 ,"Shia LaBeouf, Megan Fox, Josh Duhamel, Tyrese Gibson","Action, Adventure, Sci-Fi","Ehren Kruger, Roberto Orci, Alex Kurtzman",0.19
43,44,Star Wars: Episode III - Revenge of the Sith,Fox,108435841.0,5/19/05,George Lucas,113000000.0,tt0121766,May,2005,$6.41 ,"Ewan McGregor, Natalie Portman, Hayden Christensen, Ian McDiarmid","Action, Adventure, Fantasy",George Lucas,0.79
44,45,Shrek 2,DW,108037878.0,5/19/04,"Andrew Adamson, Kelly Asbury, Conrad Vernon",108037878.0,tt0298148,May,2004,$6.21 ,"Mike Myers, Eddie Murphy, Cameron Diaz, Julie Andrews","Animation, Adventure, Comedy","William Steig (based upon the book by), Andrew Adamson (story by), Andrew Adamson (screenplay by), Joe Stillman (screenplay by), J. David Stem (screenplay by), David N. Weiss (screenplay by), Cody Cameron (additional dialogue), Walt Dohrn (additional dialogue), Chris Miller (additional dialogue), David P. Smith (additional dialogue), Conrad Vernon (additional dialogue)",0.88
45,46,The Secret Life of Pets,Uni.,104352905.0,7/8/16,"Chris Renaud, Yarrow Cheney(co-director)",104352905.0,tt2709768,July,2016,$8.65 ,"Louis C.K., Eric Stonestreet, Kevin Hart, Jenny Slate","Animation, Adventure, Comedy","Cinco Paul, Ken Daurio, Brian Lynch",0.74
46,47,The Jungle Book (2016),BV,103261464.0,4/15/16,,,,Apr,2016,$8.65 ,,,,
47,48,Wonder Woman,WB,103251471.0,6/2/17,Patty Jenkins,149000000.0,tt0451279,Jun,2017,$8.97 ,"Gal Gadot, Chris Pine, Connie Nielsen, Robin Wright","Action, Adventure, Fantasy","Allan Heinberg (screenplay by), Zack Snyder (story by), Allan Heinberg (story by), Jason Fuchs (story by), William Moulton Marston (Wonder Woman created by)",0.92
48,49,X-Men: The Last Stand,Fox,102750665.0,5/26/06,Brett Ratner,210000000.0,tt0376994,May,2006,$6.55 ,"Hugh Jackman, Halle Berry, Ian McKellen, Patrick Stewart","Action, Adventure, Fantasy","Simon Kinberg, Zak Penn",0.58
49,50,Harry Potter and the Goblet of Fire,WB,102685961.0,11/18/05,Mike Newell,150000000.0,tt0330373,Nov,2005,$6.41 ,"Eric Sykes, Timothy Spall, David Tennant, Daniel Radcliffe","Adventure, Family, Fantasy","Steve Kloves (screenplay), J.K. Rowling (novel)",0.88
50,51,The Hunger Games: Mockingjay - Part 2,LGF,102665981.0,11/20/15,Francis Lawrence,160000000.0,tt1951266,Nov,2015,$8.43 ,"Jennifer Lawrence, Josh Hutcherson, Liam Hemsworth, Woody Harrelson","Action, Adventure, Sci-Fi","Peter Craig (screenplay), Danny Strong (screenplay), Suzanne Collins (adaptation), Suzanne Collins (novel)",0.7
51,52,Indiana Jones and the Kingdom of the Crystal Skull,Par.,100137835.0,5/22/08,Steven Spielberg,185000000.0,tt0367882,May,2008,$7.18 ,"Harrison Ford, Cate Blanchett, Karen Allen, Shia LaBeouf","Action, Adventure, Fantasy","David Koepp (screenplay), George Lucas (story), Jeff Nathanson (story), George Lucas (characters), Philip Kaufman (characters)",0.77
52,53,Transformers: Age of Extinction,Par.,100038390.0,6/27/14,Michael Bay,210000000.0,tt2109248,Jun,2014,$8.17 ,"Mark Wahlberg, Stanley Tucci, Kelsey Grammer, Nicola Peltz","Action, Adventure, Sci-Fi",Ehren Kruger,0.18
53,54,The Fate of the Furious,Uni.,98786705.0,4/14/17,F. Gary Gray,250000000.0,tt4630562,Apr,2017,$8.97 ,"Vin Diesel, Jason Statham, Dwayne Johnson, Michelle Rodriguez","Action, Crime, Thriller","Gary Scott Thompson (based on characters created by), Chris Morgan",0.66
54,55,Iron Man,Par.,98618668.0,5/2/08,Jon Favreau,140000000.0,tt0371746,May,2008,$7.18 ,"Robert Downey Jr., Terrence Howard, Jeff Bridges, Gwyneth Paltrow","Action, Adventure, Sci-Fi","Mark Fergus (screenplay), Hawk Ostby (screenplay), Art Marcum (screenplay), Matt Holloway (screenplay), Stan Lee (characters), Don Heck (characters), Larry Lieber (characters), Jack Kirby (characters)",0.94
55,56,Transformers: Dark of the Moon,P/DW,97852865.0,6/29/11,Michael Bay,195000000.0,tt1399103,Jun,2011,$7.93 ,"Shia LaBeouf, Rosie Huntington-Whiteley, Josh Duhamel, John Turturro","Action, Adventure, Sci-Fi",Ehren Kruger,0.35
56,57,Fast & Furious 6,Uni.,97375245.0,5/24/13,Justin Lin,160000000.0,tt1905041,May,2013,$8.13 ,"Vin Diesel, Paul Walker, Dwayne Johnson, Jordana Brewster","Action, Crime, Thriller","Chris Morgan, Gary Scott Thompson (characters)",0.69
57,58,Captain America: The Winter Soldier,BV,95023721.0,4/4/14,"Anthony Russo, Joe Russo",170000000.0,tt1843866,Apr,2014,$8.17 ,"Chris Evans, Samuel L. Jackson, Scarlett Johansson, Robert Redford","Action, Adventure, Sci-Fi","Christopher Markus (screenplay by), Stephen McFeely (screenplay by), Joe Simon (based on the Marvel comics by), Jack Kirby (based on the Marvel comics by)",0.89
58,59,Guardians of the Galaxy,BV,94320883.0,8/1/14,James Gunn,170000000.0,tt2015381,Aug,2014,$8.17 ,"Chris Pratt, Zoe Saldana, Dave Bautista, Vin Diesel","Action, Adventure, Sci-Fi","James Gunn, Nicole Perlman, Dan Abnett (based on the Marvel comics by), Andy Lanning (based on the Marvel comics by), Bill Mantlo (character created by: Rocket Raccoon), Keith Giffen (character created by: Rocket Raccoon), Jim Starlin (characters created by: Drax the Destroyer,  Gamora & Thanos), Steve Englehart (character created by: Star-Lord), Steve Gan (character created by: Star-Lord), Steve Gerber (character created by: Howard the Duck), Val Mayerik (character created by: Howard the Duck)",0.91
59,60,Justice League,WB,93842239.0,11/17/17,Zack Snyder,300000000.0,tt0974015,Nov,2017,$8.97 ,"Ben Affleck, Henry Cavill, Amy Adams, Gal Gadot","Action, Adventure, Fantasy","Chris Terrio (screenplay by), Joss Whedon (screenplay by), Chris Terrio (story by), Zack Snyder (story by), Jerry Siegel (Superman created by), Joe Shuster (Superman created by), Gardner Fox (Justice League of America created by), Bob Kane (Batman created by), Bill Finger (Batman created by), William Moulton Marston (Wonder Woman created by), Jack Kirby (Fourth World created by)",0.4
60,61,Harry Potter and the Prisoner of Azkaban,WB,93687367.0,6/4/04,Alfonso Cuarón,130000000.0,tt0304141,Jun,2004,$6.21 ,"Daniel Radcliffe, Richard Griffiths, Pam Ferris, Fiona Shaw","Adventure, Family, Fantasy","J.K. Rowling (novel), Steve Kloves (screenplay)",0.91
61,62,Godzilla (2014),WB,93188384.0,5/16/14,,,,May,2014,$8.17 ,,,,
62,63,The Matrix Reloaded,WB,91774413.0,5/15/03,"Lana Wachowski, Lilly Wachowski",7241362.0,tt0234215,May,2003,$6.03 ,"Ray Anthony, Christine Anu, Andy Arness, Alima Ashton-Sheibu","Action, Sci-Fi","Lilly Wachowski, Lana Wachowski, Lilly Wachowski (characters), Lana Wachowski (characters)",0.73
63,64,The Amazing Spider-Man 2,Sony,91608337.0,5/2/14,Marc Webb,200000000.0,tt1872181,May,2014,$8.17 ,"Andrew Garfield, Emma Stone, Jamie Foxx, Dane DeHaan","Action, Adventure, Sci-Fi","Alex Kurtzman (screenplay), Roberto Orci (screenplay), Jeff Pinkner (screenplay), Alex Kurtzman (screen story), Roberto Orci (screen story), Jeff Pinkner (screen story), James Vanderbilt (screen story), Stan Lee (Marvel comic book), Steve Ditko (Marvel comic book)",0.52
64,65,X-Men: Days of Future Past,Fox,90823660.0,5/23/14,Bryan Singer,200000000.0,tt1877832,May,2014,$8.17 ,"Hugh Jackman, James McAvoy, Michael Fassbender, Jennifer Lawrence","Action, Adventure, Sci-Fi","Simon Kinberg (screenplay by), Jane Goldman (story by), Simon Kinberg (story by), Matthew Vaughn (story by)",0.9
65,66,Inside Out,BV,90440272.0,6/19/15,"Pete Docter, Ronnie Del Carmen(co-director)",175000000.0,tt2096673,Jun,2015,$8.43 ,"Amy Poehler, Phyllis Smith, Richard Kind, Bill Hader","Animation, Adventure, Comedy","Pete Docter (original story by), Ronnie Del Carmen (original story by), Pete Docter (screenplay by), Meg LeFauve (screenplay by), Josh Cooley (screenplay by), Michael Arndt (additional story material by), Simon Rich (additional story material by), Bill Hader (additional dialogue by), Amy Poehler (additional dialogue by)",0.98
66,67,Harry Potter and the Sorcerer's Stone,WB,90294621.0,11/16/01,,,,Nov,2001,$5.65 ,,,,
67,68,Pirates of the Caribbean: On Stranger Tides,BV,90151958.0,5/20/11,Rob Marshall,90151958.0,tt1298650,May,2011,$7.93 ,"Johnny Depp, Penélope Cruz, Geoffrey Rush, Ian McShane","Action, Adventure, Fantasy","Ted Elliott (screenplay), Terry Rossio (screenplay), Ted Elliott (screen story), Terry Rossio (screen story), Ted Elliott (characters), Terry Rossio (characters), Stuart Beattie (characters), Jay Wolpert (characters), Tim Powers (novel)",0.32
68,69,American Sniper,WB,89269066.0,1/16/15,Clint Eastwood,58800000.0,tt2179136,Jan,2015,$8.43 ,"Bradley Cooper, Kyle Gallner, Cole Konis, Ben Reed","Action, Biography, Drama","Jason Hall, Chris Kyle (book), Scott McEwen (book), Jim DeFelice (book)",0.72
69,70,Logan,Fox,88411916.0,3/3/17,James Mangold,97000000.0,tt3315342,Mar,2017,$8.97 ,"Hugh Jackman, Patrick Stewart, Dafne Keen, Boyd Holbrook","Action, Drama, Sci-Fi","James Mangold (story by), Scott Frank (screenplay by), James Mangold (screenplay by), Michael Green (screenplay by)",0.93
70,72,Harry Potter and the Chamber of Secrets,WB,88357488.0,11/15/02,Chris Columbus,100000000.0,tt0295297,Nov,2002,$5.80 ,"Daniel Radcliffe, Rupert Grint, Emma Watson, Richard Griffiths","Adventure, Family, Fantasy","J.K. Rowling (novel), Steve Kloves (screenplay)",0.82
71,73,Spider-Man 2,Sony,88156227.0,6/30/04,Sam Raimi,200000000.0,tt0316654,Jun,2004,$6.21 ,"Tobey Maguire, Kirsten Dunst, James Franco, Alfred Molina","Action, Adventure, Sci-Fi","Stan Lee (comic book), Steve Ditko (comic book), Alfred Gough (screen story), Miles Millar (screen story), Michael Chabon (screen story), Alvin Sargent (screenplay)",0.93
72,74,Fast Five,Uni.,86198765.0,4/29/11,Justin Lin,125000000.0,tt1596343,Apr,2011,$7.93 ,"Vin Diesel, Paul Walker, Jordana Brewster, Tyrese Gibson","Action, Crime, Thriller","Chris Morgan, Gary Scott Thompson (characters)",0.77
73,75,The Hangover Part II,WB,85946294.0,5/26/11,Todd Phillips,80000000.0,tt1411697,May,2011,$7.93 ,"Bradley Cooper, Ed Helms, Zach Galifianakis, Justin Bartha","Comedy, Mystery","Craig Mazin, Scot Armstrong, Todd Phillips, Jon Lucas (characters), Scott Moore (characters)",0.33
74,76,Thor: The Dark World,BV,85737841.0,11/8/13,Alan Taylor,170000000.0,tt1981115,Nov,2013,$8.13 ,"Chris Hemsworth, Natalie Portman, Tom Hiddleston, Anthony Hopkins","Action, Adventure, Sci-Fi","Christopher Yost (screenplay by), Christopher Markus (screenplay by), Stephen McFeely (screenplay by), Don Payne (story by), Robert Rodat (story by), Stan Lee (based on the Marvel comics by), Larry Lieber (based on the Marvel comics by), Jack Kirby (based on the Marvel comics by), Walter Simonson (character created by: Malekith)",0.66
75,77,X2: X-Men United,Fox,85558731.0,5/2/03,,,,May,2003,$6.03 ,,,,
76,78,Fifty Shades of Grey,Uni.,85171450.0,2/13/15,Sam Taylor-Johnson,40000000.0,tt2322441,Feb,2015,$8.43 ,"Dakota Johnson, Jamie Dornan, Jennifer Ehle, Eloise Mumford","Drama, Romance, Thriller","Kelly Marcel (screenplay by), E.L. James (novel)",0.25
77,79,Doctor Strange,BV,85058311.0,11/4/16,Scott Derrickson,165000000.0,tt1211837,Nov,2016,$8.65 ,"Benedict Cumberbatch, Chiwetel Ejiofor, Rachel McAdams, Benedict Wong","Action, Adventure, Fantasy","Jon Spaihts, Scott Derrickson, C. Robert Cargill, Stan Lee (based on the Marvel comics by), Steve Ditko (based on the Marvel comics by)",0.89
78,80,X-Men Origins: Wolverine,Fox,85058003.0,5/1/09,,,,May,2009,$7.50 ,"Hugh Jackman, Liev Schreiber, Danny Huston, Will.i.am","Action, Adventure, Sci-Fi","David Benioff (screenplay), Skip Woods (screenplay)",0.37
79,81,The Hobbit: An Unexpected Journey,WB (NL),84617303.0,12/14/12,Peter Jackson,180000000.0,tt0903624,Dec,2012,$7.96 ,"Ian McKellen, Martin Freeman, Richard Armitage, Ken Stott","Adventure, Family, Fantasy","Fran Walsh (screenplay), Philippa Boyens (screenplay), Peter Jackson (screenplay), Guillermo del Toro (screenplay), J.R.R. Tolkien (novel)",0.65
80,82,Solo: A Star Wars Story,BV,84420489.0,5/25/18,Ron Howard,300000000.0,tt3778644,May,2018,,"Alden Ehrenreich, Joonas Suotamo, Woody Harrelson, Emilia Clarke","Action, Adventure, Fantasy","Jonathan Kasdan, Lawrence Kasdan, George Lucas (based on characters created by)",0.71
81,83,The Passion of the Christ,NM,83848082.0,2/25/04,Mel Gibson,,tt0335345,Feb,2004,$6.21 ,,,,
82,84,Despicable Me 2,Uni.,83517315.0,7/3/13,"Pierre Coffin, Chris Renaud",83517315.0,tt1690953,July,2013,$8.13 ,"Steve Carell, Kristen Wiig, Benjamin Bratt, Miranda Cosgrove","Animation, Adventure, Comedy","Cinco Paul, Ken Daurio",0.74
83,85,Monsters University,BV,82429469.0,6/21/13,Dan Scanlon,200000000.0,tt1453405,Jun,2013,$8.13 ,"Billy Crystal, John Goodman, Steve Buscemi, Helen Mirren","Animation, Adventure, Comedy","Dan Scanlon (story by), Daniel Gerson (story by), Robert L. Baird (story by), Daniel Gerson (screenplay by), Robert L. Baird (screenplay by), Dan Scanlon (screenplay by), Adrian Molina (additional screenplay material by)",0.79
84,86,Star Wars: Episode II - Attack of the Clones,Fox,80027814.0,5/16/02,George Lucas,115000000.0,tt0121765,May,2002,$5.80 ,"Ewan McGregor, Natalie Portman, Hayden Christensen, Christopher Lee","Action, Adventure, Fantasy","George Lucas (screenplay by), Jonathan Hales (screenplay by), George Lucas (story by)",0.66
85,87,Oz The Great and Powerful,BV,79110453.0,3/8/13,Sam Raimi,215000000.0,tt1623205,Mar,2013,$8.13 ,"James Franco, Mila Kunis, Rachel Weisz, Michelle Williams","Adventure, Comedy, Drama","Mitchell Kapner (screenplay), David Lindsay-Abaire (screenplay), Mitchell Kapner (screen story), L. Frank Baum (""Oz"" works)",0.59
86,88,Harry Potter and the Half-Blood Prince,WB,77835727.0,7/15/09,David Yates,250000000.0,tt0417741,July,2009,$7.50 ,"Daniel Radcliffe, Michael Gambon, Dave Legeno, Elarica Johnson","Adventure, Family, Fantasy","Steve Kloves (screenplay), J.K. Rowling (novel)",0.84
87,89,I Am Legend,WB,77211321.0,12/14/07,Francis Lawrence,150000000.0,tt0480249,Dec,2007,$6.88 ,"Will Smith, Alice Braga, Charlie Tahan, Salli Richardson-Whitfield","Drama, Horror, Sci-Fi","Mark Protosevich (screenplay), Akiva Goldsman (screenplay), Richard Matheson (novel), John William Corrington, Joyce Hooper Corrington",0.69
88,90,Harry Potter and the Order of the Phoenix,WB,77108414.0,7/11/07,David Yates,150000000.0,tt0373889,July,2007,$6.88 ,"Daniel Radcliffe, Harry Melling, Jason Boyd, Richard Macklin","Adventure, Family, Fantasy","Michael Goldenberg (screenplay), J.K. Rowling (novel)",0.78
89,91,The Da Vinci Code,Sony,77073388.0,5/19/06,Ron Howard,125000000.0,tt0382625,May,2006,$6.55 ,"Tom Hanks, Audrey Tautou, Ian McKellen, Jean Reno","Mystery, Thriller","Akiva Goldsman (screenplay), Dan Brown (novel)",0.25
90,92,Avatar,Fox,77025481.0,12/18/09,James Cameron,237000000.0,tt0499549,Dec,2009,$7.50 ,"Sam Worthington, Zoe Saldana, Sigourney Weaver, Stephen Lang","Action, Adventure, Fantasy",James Cameron,0.83
91,93,Star Trek,Par.,75204289.0,5/8/09,J.J. Abrams,150000000.0,tt0796366,May,2009,$7.50 ,"Chris Pine, Zachary Quinto, Leonard Nimoy, Eric Bana","Action, Adventure, Sci-Fi","Roberto Orci, Alex Kurtzman, Gene Roddenberry (television series ""Star Trek"")",0.94
92,94,Zootopia,BV,75063401.0,3/4/16,"Byron Howard, Rich Moore, Jared Bush(co-director)",150000000.0,tt2948356,Mar,2016,$8.65 ,"Ginnifer Goodwin, Jason Bateman, Idris Elba, Jenny Slate","Animation, Adventure, Comedy","Byron Howard (story by), Rich Moore (story by), Jared Bush (story by), Jim Reardon (story by), Josie Trinidad (story by), Phil Johnston (story by), Jennifer Lee (story by), Jared Bush (screenplay by), Phil Johnston (screenplay by)",0.98
93,95,Fantastic Beasts and Where To Find Them,WB,74403387.0,11/18/16,David Yates,180000000.0,tt3183660,Nov,2016,$8.65 ,"Eddie Redmayne, Sam Redford, Scott Goldman, Tim Bentinck","Adventure, Family, Fantasy",J.K. Rowling,0.74
94,96,The Simpsons Movie,Fox,74036787.0,7/27/07,David Silverman,74036787.0,tt0462538,July,2007,$6.88 ,"Dan Castellaneta, Julie Kavner, Nancy Cartwright, Yeardley Smith","Animation, Adventure, Comedy","James L. Brooks (screenplay), Matt Groening (screenplay), Al Jean (screenplay), Ian Maxtone-Graham (screenplay), George Meyer (screenplay), David Mirkin (screenplay), Mike Reiss (screenplay), Mike Scully (screenplay), Matt Selman (screenplay), John Swartzwelder (screenplay), Jon Vitti (screenplay), Joel H. Cohen (consultant writer), John Frink (consultant writer), Tim Long (consultant writer), Michael Price (consultant writer)",0.88
95,97,The Hobbit: The Desolation of Smaug,WB (NL),73645197.0,12/13/13,Peter Jackson,225000000.0,tt1170358,Dec,2013,$8.13 ,"Ian McKellen, Martin Freeman, Richard Armitage, Ken Stott","Adventure, Fantasy","Fran Walsh (screenplay), Philippa Boyens (screenplay), Peter Jackson (screenplay), Guillermo del Toro (screenplay), J.R.R. Tolkien (novel)",0.75
96,98,Austin Powers in Goldmember,NL,73071188.0,7/26/02,Jay Roach,63000000.0,tt0295178,July,2002,$5.80 ,"Mike Myers, Beyoncé, Seth Green, Michael York","Action, Adventure, Comedy","Mike Myers, Michael McCullers, Mike Myers (characters created by)",0.54
97,99,The Lord of the Rings: The Return of the King,NL,72629713.0,12/17/03,Peter Jackson,94000000.0,tt0167260,Dec,2003,$6.03 ,"Noel Appleby, Ali Astin, Sean Astin, David Aston","Adventure, Drama, Fantasy","J.R.R. Tolkien (novel), Fran Walsh (screenplay), Philippa Boyens (screenplay), Peter Jackson (screenplay)",0.93
98,100,Dawn of the Planet of the Apes,Fox,72611427.0,7/11/14,Matt Reeves,170000000.0,tt2103281,July,2014,$8.17 ,"Andy Serkis, Jason Clarke, Gary Oldman, Keri Russell","Action, Adventure, Drama","Mark Bomback, Rick Jaffa, Amanda Silver, Rick Jaffa (based on characters created by), Amanda Silver (based on characters created by)",0.9
99,101,Despicable Me 3,Uni.,72434025.0,6/30/17,"Kyle Balda, Pierre Coffin, Eric Guillon(co-director)",72434025.0,tt3469046,Jun,2017,$8.97 ,"Steve Carell, Kristen Wiig, Trey Parker, Miranda Cosgrove","Animation, Action, Adventure","Cinco Paul, Ken Daurio",0.59
100,103,Fast and Furious,Uni.,70950500.0,4/3/09,Busby Berkeley,,tt0031298,Apr,2009,$7.50 ,"Franchot Tone, Ann Sothern, Ruth Hussey, Lee Bowman","Comedy, Crime, Musical",Harry Kurnitz (original screen play),
101,104,300,WB,70885301.0,3/9/07,Zack Snyder,65000000.0,tt0416449,Mar,2007,$6.88 ,"Gerard Butler, Lena Headey, Dominic West, David Wenham","Action, Fantasy, War","Zack Snyder (screenplay), Kurt Johnstad (screenplay), Michael B. Gordon (screenplay), Frank Miller (graphic novel), Lynn Varley (graphic novel)",0.6
102,105,Shrek Forever After,P/DW,70838207.0,5/21/10,Mike Mitchell,70838207.0,tt0892791,May,2010,$7.89 ,"Mike Myers, Eddie Murphy, Cameron Diaz, Antonio Banderas","Animation, Adventure, Comedy","William Steig (based upon the book by), Josh Klausner, Darren Lemke",0.58
103,106,Transformers,P/DW,70502384.0,7/3/07,Michael Bay,150000000.0,tt0418279,July,2007,$6.88 ,"Shia LaBeouf, Megan Fox, Josh Duhamel, Tyrese Gibson","Action, Adventure, Sci-Fi","Roberto Orci (screenplay), Alex Kurtzman (screenplay), John Rogers (story), Roberto Orci (story), Alex Kurtzman (story)",0.57
104,107,The Incredibles,BV,70467623.0,11/5/04,Brad Bird,92000000.0,tt0317705,Nov,2004,$6.21 ,"Craig T. Nelson, Holly Hunter, Samuel L. Jackson, Jason Lee","Animation, Action, Adventure",Brad Bird,"{'Source': 'Metacritic', 'Value': '90/100'}"
105,108,Spectre,Sony,70403148.0,11/6/15,Sam Mendes,245000000.0,tt2379713,Nov,2015,$8.43 ,"Daniel Craig, Christoph Waltz, Léa Seydoux, Ralph Fiennes","Action, Adventure, Thriller","John Logan (screenplay by), Neal Purvis (screenplay by), Robert Wade (screenplay by), Jez Butterworth (screenplay by), John Logan (story by), Neal Purvis (story by), Robert Wade (story by), Ian Fleming (based on characters created by)",0.63
106,109,Finding Nemo,BV,70251710.0,5/30/03,"Andrew Stanton, Lee Unkrich(co-director)",94000000.0,tt0266543,May,2003,$6.03 ,"Albert Brooks, Ellen DeGeneres, Alexander Gould, Willem Dafoe","Animation, Adventure, Comedy","Andrew Stanton (original story by), Andrew Stanton (screenplay by), Bob Peterson (screenplay by), David Reynolds (screenplay by)",0.99
107,110,Dr. Seuss' The Lorax,Uni.,70217070.0,3/2/12,,,,Mar,2012,$7.96 ,,,,
108,111,Star Trek Into Darkness,Par.,70165559.0,5/16/13,J.J. Abrams,190000000.0,tt1408101,May,2013,$8.13 ,"Chris Pine, Zachary Quinto, Zoe Saldana, Karl Urban","Action, Adventure, Sci-Fi","Roberto Orci, Alex Kurtzman, Damon Lindelof, Gene Roddenberry (television series ""Star Trek"")",0.85
109,112,Twilight,Sum.,69637740.0,11/21/08,Catherine Hardwicke,37000000.0,tt1099212,Nov,2008,$7.18 ,"Kristen Stewart, Sarah Clarke, Matt Bushell, Billy Burke","Drama, Fantasy, Romance","Melissa Rosenberg (screenplay), Stephenie Meyer (novel)",0.49
110,113,Maleficent,BV,69431298.0,5/30/14,Robert Stromberg,180000000.0,tt1587310,May,2014,$8.17 ,"Angelina Jolie, Elle Fanning, Sharlto Copley, Lesley Manville","Action, Adventure, Family","Linda Woolverton (screenplay by), Charles Perrault (based on ""La Belle au bois dormant"" written by)",0.5
111,114,The Bourne Ultimatum,Uni.,69283690.0,8/3/07,Paul Greengrass,110000000.0,tt0440963,Aug,2007,$6.88 ,"Matt Damon, Julia Stiles, David Strathairn, Scott Glenn","Action, Mystery, Thriller","Tony Gilroy (screenplay), Scott Z. Burns (screenplay), George Nolfi (screenplay), Tony Gilroy (screen story), Robert Ludlum (novel)",0.93
112,115,Pitch Perfect 2,Uni.,69216890.0,5/15/15,Elizabeth Banks,29000000.0,tt2848292,May,2015,$8.43 ,"Anna Kendrick, Rebel Wilson, Hailee Steinfeld, Brittany Snow","Comedy, Music","Kay Cannon, Mickey Rapkin (based on the book by)",0.65
113,116,The LEGO Movie,WB,69050279.0,2/7/14,"Phil Lord, Christopher Miller",60000000.0,tt1490017,Feb,2014,$8.17 ,"Will Arnett, Elizabeth Banks, Craig Berry, Alison Brie","Animation, Action, Adventure","Phil Lord (screenplay), Christopher Miller (screenplay), Dan Hageman (story), Kevin Hageman (story), Phil Lord (story), Christopher Miller (story), Ole Kirk Christiansen (based on LEGO Construction Toys created by), Godtfred Kirk Christiansen (based on LEGO Construction Toys created by), Jens Nygaard Knudsen (based on LEGO Construction Toys created by), Peter Laird (characters created by: Teenage Mutant Ninja Turtles), Kevin Eastman (characters created by: Teenage Mutant Ninja Turtles)",0.96
114,117,The Day After Tomorrow,Fox,68743584.0,5/28/04,Roland Emmerich,125000000.0,tt0319262,May,2004,$6.21 ,"Dennis Quaid, Jake Gyllenhaal, Emmy Rossum, Dash Mihok","Action, Adventure, Sci-Fi","Roland Emmerich (story), Roland Emmerich (screenplay), Jeffrey Nachmanoff (screenplay)",0.44
115,118,Planet of the Apes (2001),Fox,68532960.0,7/27/01,,,,July,2001,$5.65 ,,,,
116,119,The Mummy Returns,Uni.,68139035.0,5/4/01,Stephen Sommers,98000000.0,tt0209163,May,2001,$5.65 ,"Brendan Fraser, Rachel Weisz, John Hannah, Arnold Vosloo","Action, Adventure, Fantasy",Stephen Sommers,0.47
117,120,Up,BV,68108790.0,5/29/09,"Pete Docter, Bob Peterson(co-director)",175000000.0,tt1049413,May,2009,$7.50 ,"Edward Asner, Christopher Plummer, Jordan Nagai, Bob Peterson","Animation, Adventure, Comedy","Pete Docter (story by), Bob Peterson (story by), Tom McCarthy (story by), Bob Peterson (screenplay by), Pete Docter (screenplay by)",0.98
118,121,Ice Age: The Meltdown,Fox,68033544.0,3/31/06,Carlos Saldanha,68033544.0,tt0438097,Mar,2006,$6.55 ,"Ray Romano, John Leguizamo, Denis Leary, Seann William Scott","Animation, Adventure, Comedy","Peter Gaulke (screenplay), Gerry Swallow (screenplay), Jim Hecht (screenplay), Peter Gaulke (story), Gerry Swallow (story)",0.57
119,122,Bruce Almighty,Uni.,67953330.0,5/23/03,Tom Shadyac,81000000.0,tt0315327,May,2003,$6.03 ,"Jim Carrey, Morgan Freeman, Jennifer Aniston, Philip Baker Hall","Comedy, Drama, Fantasy","Steve Koren (story), Mark O'Keefe (story), Steve Koren (screenplay), Mark O'Keefe (screenplay), Steve Oedekerk (screenplay)",0.49
120,123,Cinderella (2015),BV,67877361.0,3/13/15,,,,Mar,2015,$8.43 ,,,,
121,124,Quantum of Solace,Sony,67528882.0,11/14/08,Marc Forster,,tt0830515,Nov,2008,$7.18 ,"Daniel Craig, Olga Kurylenko, Mathieu Amalric, Judi Dench","Action, Adventure, Thriller","Paul Haggis, Neal Purvis, Robert Wade",0.65
122,125,Rush Hour 2,NL,67408222.0,8/3/01,Brett Ratner,90000000.0,tt0266915,Aug,2001,$5.65 ,"Jackie Chan, Chris Tucker, John Lone, Ziyi Zhang","Action, Comedy, Crime","Ross LaManna (characters), Jeff Nathanson",0.52
123,126,Frozen,BV,67391326.0,11/27/13,"Chris Buck, Jennifer Lee",400738009.0,tt2294629,Nov,2013,$8.13 ,"Kristen Bell, Idina Menzel, Jonathan Groff, Josh Gad","Animation, Adventure, Comedy","Jennifer Lee (screenplay by), Hans Christian Andersen (story inspired by ""The Snow Queen"" by), Chris Buck (story by), Jennifer Lee (story by), Shane Morris (story by)",0.9
124,127,World War Z,Par.,66411834.0,6/21/13,Marc Forster,66411834.0,tt0816711,Jun,2013,$8.13 ,"Brad Pitt, Mireille Enos, Daniella Kertesz, James Badge Dale","Action, Adventure, Horror","Matthew Michael Carnahan (screenplay), Drew Goddard (screenplay), Damon Lindelof (screenplay), Matthew Michael Carnahan (screen story), J. Michael Straczynski (screen story), Max Brooks (based on the novel by)",0.66
125,128,Brave,BV,66323594.0,6/22/12,"Mark Andrews, Brenda Chapman, Steve Purcell(co-director)",185000000.0,tt1217209,Jun,2012,$7.96 ,"Kelly Macdonald, Billy Connolly, Emma Thompson, Julie Walters","Animation, Adventure, Comedy","Brenda Chapman (story by), Mark Andrews (screenplay by), Steve Purcell (screenplay by), Brenda Chapman (screenplay by), Irene Mecchi (screenplay by)",0.78
126,129,Cars 2,BV,66135507.0,6/24/11,"John Lasseter, Brad Lewis(co-director)",200000000.0,tt1216475,Jun,2011,$7.93 ,"Larry the Cable Guy, Owen Wilson, Michael Caine, Emily Mortimer","Animation, Adventure, Comedy","John Lasseter (original story by), Brad Lewis (original story by), Dan Fogelman (original story by), Ben Queen (screenplay by)",0.39
127,130,X-Men: Apocalypse,Fox,65769562.0,5/27/16,Bryan Singer,178000000.0,tt3385516,May,2016,$8.65 ,"James McAvoy, Michael Fassbender, Jennifer Lawrence, Nicholas Hoult","Action, Adventure, Sci-Fi","Simon Kinberg (screenplay by), Bryan Singer (story by), Simon Kinberg (story by), Michael Dougherty (story by), Dan Harris (story by)",0.48
128,131,Thor,Par.,65723338.0,5/6/11,Kenneth Branagh,150000000.0,tt0800369,May,2011,$7.93 ,"Chris Hemsworth, Natalie Portman, Tom Hiddleston, Anthony Hopkins","Action, Adventure, Fantasy","Ashley Miller (screenplay), Zack Stentz (screenplay), Don Payne (screenplay), J. Michael Straczynski (story), Mark Protosevich (story), Stan Lee (comic book), Larry Lieber (comic book), Jack Kirby (comic book)",0.77
129,132,Teenage Mutant Ninja Turtles (2014),Par.,65575105.0,8/8/14,,,,Aug,2014,$8.17 ,,,,
130,133,"The Chronicles of Narnia: The Lion, the Witch and the Wardrobe",BV,65556312.0,12/9/05,Andrew Adamson,180000000.0,tt0363771,Dec,2005,$6.41 ,"Georgie Henley, Skandar Keynes, William Moseley, Anna Popplewell","Adventure, Family, Fantasy","Ann Peacock (screenplay), Andrew Adamson (screenplay), Christopher Markus (screenplay), Stephen McFeely (screenplay), C.S. Lewis (book)",0.76
131,134,2012,Sony,65237614.0,11/13/09,Roland Emmerich,200000000.0,tt1190080,Nov,2009,$7.50 ,"John Cusack, Amanda Peet, Chiwetel Ejiofor, Thandie Newton","Action, Adventure, Sci-Fi","Roland Emmerich, Harald Kloser",0.4
132,135,Captain America: The First Avenger,Par.,65058524.0,7/22/11,Joe Johnston,140000000.0,tt0458339,July,2011,$7.93 ,"Chris Evans, Hayley Atwell, Sebastian Stan, Tommy Lee Jones","Action, Adventure, Sci-Fi","Christopher Markus (screenplay), Stephen McFeely (screenplay), Joe Simon (comic books), Jack Kirby (comic books)",0.79
133,136,War of the Worlds,Par.,64878725.0,6/29/05,Steven Spielberg,132000000.0,tt0407304,Jun,2005,$6.41 ,"Tom Cruise, Dakota Fanning, Miranda Otto, Justin Chatwin","Adventure, Sci-Fi, Thriller","Josh Friedman (screenplay), David Koepp (screenplay), H.G. Wells (novel)",0.74
134,137,The Twilight Saga: Eclipse,Sum.,64832191.0,6/30/10,David Slade,68000000.0,tt1325004,Jun,2010,$7.89 ,"Xavier Samuel, Kristen Stewart, Robert Pattinson, Billy Burke","Adventure, Drama, Fantasy","Melissa Rosenberg (screenplay), Stephenie Meyer (novel)",0.48
135,139,Madagascar: Escape 2 Africa,P/DW,63106589.0,11/7/08,"Eric Darnell, Tom McGrath",63106589.0,tt0479952,Nov,2008,$7.18 ,"Ben Stiller, Chris Rock, David Schwimmer, Jada Pinkett Smith","Animation, Adventure, Comedy","Etan Cohen, Eric Darnell, Tom McGrath",0.64
136,140,WALL-E,BV,63087526.0,6/27/08,Andrew Stanton,180000000.0,tt0910970,Jun,2008,$7.18 ,"Ben Burtt, Elissa Knight, Jeff Garlin, Fred Willard","Animation, Adventure, Family","Andrew Stanton (original story by), Pete Docter (original story by), Andrew Stanton (screenplay by), Jim Reardon (screenplay by)",0.96
137,141,Pirates of the Caribbean: Dead Men Tell No Tales,BV,62983253.0,5/26/17,"Joachim Rønning, Espen Sandberg",230000000.0,tt1790809,May,2017,$8.97 ,"Johnny Depp, Javier Bardem, Geoffrey Rush, Brenton Thwaites","Action, Adventure, Fantasy","Jeff Nathanson (screenplay by), Jeff Nathanson (story by), Terry Rossio (story by), Ted Elliott (based on characters created by), Terry Rossio (based on characters created by), Stuart Beattie (based on characters created by), Jay Wolpert (based on characters created by)",0.3
138,142,Inception,WB,62785337.0,7/16/10,Christopher Nolan,160000000.0,tt1375666,July,2010,$7.89 ,"Leonardo DiCaprio, Joseph Gordon-Levitt, Ellen Page, Tom Hardy","Action, Adventure, Sci-Fi",Christopher Nolan,0.86
139,143,Hancock,Sony,62603879.0,7/2/08,Peter Berg,150000000.0,tt0448157,July,2008,$7.18 ,"Will Smith, Charlize Theron, Jason Bateman, Jae Head","Action, Crime, Drama","Vincent Ngo, Vince Gilligan",0.41
140,144,"Monsters, Inc.",BV,62577067.0,11/2/01,"Pete Docter, David Silverman(co-director), Lee Unkrich(co-director)",115000000.0,tt0198781,Nov,2001,$5.65 ,"John Goodman, Billy Crystal, Mary Gibbs, Steve Buscemi","Animation, Adventure, Comedy","Pete Docter (original story by), Jill Culton (original story by), Jeff Pidgeon (original story by), Ralph Eggleston (original story by), Andrew Stanton (screenplay by), Daniel Gerson (screenplay by), Bob Peterson (additional story material), David Silverman (additional story material), Joe Ranft (additional story material), Robert L. Baird (additional screenplay material), Rhett Reese (additional screenplay material), Jonathan Roberts (additional screenplay material)",0.96
141,145,Sherlock Holmes,WB,62304277.0,12/25/09,Guy Ritchie,90000000.0,tt0988045,Dec,2009,$7.50 ,"Robert Downey Jr., Jude Law, Rachel McAdams, Mark Strong","Action, Adventure, Crime","Michael Robert Johnson (screenplay), Anthony Peckham (screenplay), Simon Kinberg (screenplay), Lionel Wigram (screen story), Michael Robert Johnson (screen story), Arthur Conan Doyle (characters: Sherlock Holmes,  Dr. Watson)",0.71
142,146,Hulk,Uni.,62128420.0,6/20/03,Ang Lee,137000000.0,tt0286716,Jun,2003,$6.03 ,"Eric Bana, Jennifer Connelly, Sam Elliott, Josh Lucas","Action, Sci-Fi","Stan Lee (Marvel comic book character), Jack Kirby (Marvel comic book character), James Schamus (story), John Turman (screenplay), Michael France (screenplay), James Schamus (screenplay)",0.62
143,147,The Lord of the Rings: The Two Towers,NL,62007528.0,12/18/02,Peter Jackson,94000000.0,tt0167261,Dec,2002,$5.80 ,"Bruce Allpress, Sean Astin, John Bach, Sala Baker","Adventure, Drama, Fantasy","J.R.R. Tolkien (novel), Fran Walsh (screenplay), Philippa Boyens (screenplay), Stephen Sinclair (screenplay), Peter Jackson (screenplay)",0.95
144,148,The Amazing Spider-Man,Sony,62004688.0,7/3/12,Marc Webb,230000000.0,tt0948470,July,2012,$7.96 ,"Andrew Garfield, Emma Stone, Rhys Ifans, Denis Leary","Action, Adventure, Sci-Fi","James Vanderbilt (screenplay), Alvin Sargent (screenplay), Steve Kloves (screenplay), James Vanderbilt (story), Stan Lee (based on the Marvel comic book by), Steve Ditko (based on the Marvel comic book by)",0.72
145,149,Clash of the Titans (2010),WB,61235105.0,4/2/10,,,,Apr,2010,$7.89 ,,,,
146,150,Kong: Skull Island,WB,61025472.0,3/10/17,Jordan Vogt-Roberts,185000000.0,tt3731562,Mar,2017,$8.97 ,"Tom Hiddleston, Samuel L. Jackson, Brie Larson, John C. Reilly","Action, Adventure, Fantasy","Dan Gilroy (screenplay by), Max Borenstein (screenplay by), Derek Connolly (screenplay by), John Gatins (story by)",0.75
147,151,Madagascar 3: Europe's Most Wanted,P/DW,60316738.0,6/8/12,,,,Jun,2012,$7.96 ,,,,
148,152,Kung Fu Panda,P/DW,60239130.0,6/6/08,"Mark Osborne, John Stevenson",130000000.0,tt0441773,Jun,2008,$7.18 ,"Jack Black, Dustin Hoffman, Angelina Jolie, Ian McShane","Animation, Action, Adventure","Jonathan Aibel (screenplay), Glenn Berger (screenplay), Ethan Reiff (story), Cyrus Voris (story)",0.87
149,153,Straight Outta Compton,Uni.,60200180.0,8/14/15,F. Gary Gray,28000000.0,tt1398426,Aug,2015,$8.43 ,"O'Shea Jackson Jr., Corey Hawkins, Jason Mitchell, Neil Brown Jr.","Biography, Drama, History","Jonathan Herman (screenplay), Andrea Berloff (screenplay), S. Leigh Savidge (story), Alan Wenkus (story), Andrea Berloff (story)",0.87
150,154,Cars,BV,60119509.0,6/9/06,"John Lasseter, Joe Ranft(co-director)",120000000.0,tt0317219,Jun,2006,$6.55 ,"Owen Wilson, Paul Newman, Bonnie Hunt, Larry the Cable Guy","Animation, Comedy, Family","John Lasseter (original story by), Joe Ranft (original story by), Jorgen Klubien (original story by), Dan Fogelman (screenplay by), John Lasseter (screenplay by), Joe Ranft (screenplay by), Kiel Murray (screenplay by), Phil Lorin (screenplay by), Jorgen Klubien (screenplay by), Steve Purcell (additional screenplay material)",0.74
151,155,Signs,BV,60117080.0,8/2/02,M. Night Shyamalan,60117080.0,tt0286106,Aug,2002,$5.80 ,"Mel Gibson, Joaquin Phoenix, Rory Culkin, Abigail Breslin","Drama, Mystery, Sci-Fi",M. Night Shyamalan,0.74
152,156,Monsters Vs. Aliens,P/DW,59321095.0,3/27/09,,,,Mar,2009,$7.50 ,,,,
153,157,Star Trek Beyond,Par.,59253211.0,7/22/16,Justin Lin,59253211.0,tt2660888,July,2016,$8.65 ,"Chris Pine, Zachary Quinto, Karl Urban, Zoe Saldana","Action, Adventure, Sci-Fi","Simon Pegg, Doug Jung, Gene Roddenberry (based upon ""Star Trek"" created by)",0.85
154,158,Jason Bourne,Uni.,59215365.0,7/29/16,Paul Greengrass,120000000.0,tt4196776,July,2016,$8.65 ,"Matt Damon, Tommy Lee Jones, Alicia Vikander, Vincent Cassel","Action, Thriller","Paul Greengrass, Christopher Rouse, Robert Ludlum (based on characters created by)",0.55
155,159,Pearl Harbor,BV,59078912.0,5/25/01,Michael Bay,75177654.0,tt0213149,May,2001,$5.65 ,"Ben Affleck, Josh Hartnett, Kate Beckinsale, William Lee Scott","Action, Drama, History",Randall Wallace,0.25
156,160,Fantastic Four: Rise of the Silver Surfer,Fox,58051684.0,6/15/07,,,,Jun,2007,$6.88 ,,,,
157,161,Hannibal,MGM,58003121.0,2/9/01,Ridley Scott,87000000.0,tt0212985,Feb,2001,$5.65 ,"Anthony Hopkins, Julianne Moore, Gary Oldman, Ray Liotta","Crime, Drama, Thriller","Thomas Harris (novel), David Mamet (screenplay), Steven Zaillian (screenplay)",0.39
158,162,Mission: Impossible II,Par.,57845297.0,5/24/00,John Woo,125000000.0,tt0120755,May,2000,$5.39 ,"Tom Cruise, Dougray Scott, Thandie Newton, Ving Rhames","Action, Adventure, Thriller","Bruce Geller (creator television series Mission: Impossible), Ronald D. Moore (story), Brannon Braga (story), Robert Towne (screenplay)","{'Source': 'Metacritic', 'Value': '59/100'}"
159,164,Ant-Man,BV,57225526.0,7/17/15,Peyton Reed,130000000.0,tt0478970,July,2015,$8.43 ,"Paul Rudd, Michael Douglas, Evangeline Lilly, Corey Stoll","Action, Adventure, Sci-Fi","Edgar Wright (screenplay by), Joe Cornish (screenplay by), Adam McKay (screenplay by), Paul Rudd (screenplay by), Edgar Wright (story by), Joe Cornish (story by), Stan Lee (based on the Marvel comics by), Larry Lieber (based on the Marvel comics by), Jack Kirby (based on the Marvel comics by)",0.82
160,165,22 Jump Street,Sony,57071445.0,6/13/14,"Phil Lord, Christopher Miller",50000000.0,tt2294449,Jun,2014,$8.17 ,"Jonah Hill, Channing Tatum, Peter Stormare, Wyatt Russell","Action, Comedy, Crime","Michael Bacall (screenplay), Oren Uziel (screenplay), Rodney Rothman (screenplay), Michael Bacall (story), Jonah Hill (story), Patrick Hasburgh (television series ""21 Jump Street""), Stephen J. Cannell (television series ""21 Jump Street"")",0.85
161,166,Sex and the City,WB (NL),57038404.0,5/30/08,Michael Patrick King,65000000.0,tt1000774,May,2008,$7.18 ,"Sarah Jessica Parker, Kim Cattrall, Kristin Davis, Cynthia Nixon","Comedy, Drama, Romance","Michael Patrick King, Candace Bushnell (book), Darren Star (television series creator)",0.49
162,167,Moana,BV,56631401.0,11/23/16,"Ron Clements, John Musker, Don Hall(co-director), Chris Williams(co-director)",56631401.0,tt3521164,Nov,2016,$8.65 ,"Auli'i Cravalho, Dwayne Johnson, Rachel House, Temuera Morrison","Animation, Adventure, Comedy","Jared Bush (screenplay by), Ron Clements (story by), John Musker (story by), Chris Williams (story by), Don Hall (story by), Pamela Ribon (story by), Aaron Kandell (story by), Jordan Kandell (story by)",0.96
163,168,Despicable Me,Uni.,56397125.0,7/9/10,"Pierre Coffin, Chris Renaud",56397125.0,tt1323594,July,2010,$7.89 ,"Steve Carell, Jason Segel, Russell Brand, Julie Andrews","Animation, Adventure, Comedy","Cinco Paul (screenplay by), Ken Daurio (screenplay by), Sergio Pablos (based on a story by)",0.81
164,169,War for the Planet of the Apes,Fox,56262929.0,7/14/17,Matt Reeves,150000000.0,tt3450958,July,2017,$8.97 ,"Andy Serkis, Woody Harrelson, Steve Zahn, Karin Konoval","Action, Adventure, Drama","Mark Bomback, Matt Reeves, Rick Jaffa (based on characters created by), Amanda Silver (based on characters created by)",0.93
165,171,Snow White and the Huntsman,Uni.,56217700.0,6/1/12,Rupert Sanders,170000000.0,tt1735898,Jun,2012,$7.96 ,"Kristen Stewart, Chris Hemsworth, Charlize Theron, Sam Claflin","Action, Adventure, Drama","Evan Daugherty (screenplay), John Lee Hancock (screenplay), Hossein Amini (screenplay), Evan Daugherty (screen story)",0.48
166,172,Big Hero 6,BV,56215889.0,11/7/14,"Don Hall, Chris Williams",56215889.0,tt2245084,Nov,2014,$8.17 ,"Scott Adsit, Ryan Potter, Daniel Henney, T.J. Miller","Animation, Action, Adventure","Jordan Roberts (screenplay by), Robert L. Baird (screenplay by), Daniel Gerson (screenplay by), Man of Action (Big Hero 6 team and characters created by), Steven T. Seagle (characters), Duncan Rouleau (characters), Joe Kelly (characters), Joe Casey (characters)",0.89
167,173,Charlie and the Chocolate Factory,WB,56178450.0,7/15/05,Tim Burton,56178450.0,tt0367594,July,2005,$6.41 ,"Johnny Depp, Freddie Highmore, David Kelly, Helena Bonham Carter","Adventure, Comedy, Family","Roald Dahl (book), John August (screenplay)",0.82
168,174,Fantastic Four (2005),Fox,56061504.0,7/8/05,,,,July,2005,$6.41 ,,,,
169,175,Gravity,WB,55785112.0,10/4/13,Alfonso Cuarón,100000000.0,tt1454468,Oct,2013,$8.13 ,"Sandra Bullock, George Clooney, Ed Harris, Orto Ignatiussen","Drama, Sci-Fi, Thriller","Alfonso Cuarón, Jonás Cuarón",0.96
170,176,The Karate Kid,Sony,55665805.0,6/11/10,John G. Avildsen,5031753.0,tt0087538,Jun,2010,$7.89 ,"Ralph Macchio, Pat Morita, Elisabeth Shue, Martin Kove","Action, Drama, Family",Robert Mark Kamen,0.88
171,177,Mission: Impossible - Rogue Nation,Par.,55520089.0,7/31/15,Christopher McQuarrie,150000000.0,tt2381249,July,2015,$8.43 ,"Tom Cruise, Jeremy Renner, Simon Pegg, Rebecca Ferguson","Action, Adventure, Thriller","Christopher McQuarrie (screenplay), Christopher McQuarrie (story), Drew Pearce (story), Bruce Geller (television series)",0.93
172,178,The Incredible Hulk,Uni.,55414050.0,6/13/08,Louis Leterrier,150000000.0,tt0800080,Jun,2008,$7.18 ,"Edward Norton, Liv Tyler, Tim Roth, William Hurt","Action, Adventure, Sci-Fi","Zak Penn (screenplay), Zak Penn (screen story), Stan Lee (Marvel comic book), Jack Kirby (Marvel comic book)",0.67
173,179,The SpongeBob Movie: Sponge Out of Water,Par.,55365012.0,2/6/15,"Paul Tibbitt, Mike Mitchell",74000000.0,tt2279373,Feb,2015,$8.43 ,"Antonio Banderas, Eric Bauza, Tim Conway, Eddie Deezen","Animation, Adventure, Comedy","Glenn Berger (screenplay), Jonathan Aibel (screenplay), Stephen Hillenburg (story), Paul Tibbitt (story), Stephen Hillenburg (series ""SpongeBob SquarePants""), Vincent Waller (creative supervision)",0.8
174,180,Watchmen,WB,55214334.0,3/6/09,Zack Snyder,130000000.0,tt0409459,Mar,2009,$7.50 ,"Malin Akerman, Billy Crudup, Matthew Goode, Jackie Earle Haley","Action, Drama, Mystery","David Hayter (screenplay), Alex Tse (screenplay), Dave Gibbons (graphic novel illustrator)",0.64
175,181,X-Men: First Class,Fox,55101604.0,6/3/11,Matthew Vaughn,160000000.0,tt1270798,Jun,2011,$7.93 ,"James McAvoy, Laurence Belcher, Michael Fassbender, Bill Milner","Action, Adventure, Sci-Fi","Ashley Miller (screenplay by), Zack Stentz (screenplay by), Jane Goldman (screenplay by), Matthew Vaughn (screenplay by), Sheldon Turner (story by), Bryan Singer (story by)",0.86
176,182,How the Grinch Stole Christmas,Uni.,55082330.0,11/17/00,Ron Howard,55082330.0,tt0170016,Nov,2000,$5.39 ,"Jim Carrey, Taylor Momsen, Kelley, Jeffrey Tambor","Comedy, Family, Fantasy","Dr. Seuss (book), Jeffrey Price (screenplay), Peter S. Seaman (screenplay)",0.53
177,183,The Chronicles of Narnia: Prince Caspian,BV,55034805.0,5/16/08,Andrew Adamson,225000000.0,tt0499448,May,2008,$7.18 ,"Ben Barnes, Georgie Henley, Skandar Keynes, William Moseley","Action, Adventure, Family","Andrew Adamson (screenplay), Christopher Markus (screenplay), Stephen McFeely (screenplay), C.S. Lewis (novel)",0.67
178,185,Rise of the Planet of the Apes,Fox,54806191.0,8/5/11,Rupert Wyatt,54806191.0,tt1318514,Aug,2011,$7.93 ,"Andy Serkis, Karin Konoval, Terry Notary, Richard Ridings","Action, Drama, Sci-Fi","Rick Jaffa, Amanda Silver",0.81
179,186,The Hobbit: The Battle of the Five Armies,WB (NL),54724334.0,12/17/14,Peter Jackson,250000000.0,tt2310332,Dec,2014,$8.17 ,"Ian McKellen, Martin Freeman, Richard Armitage, Ken Stott","Adventure, Fantasy","Fran Walsh (screenplay), Philippa Boyens (screenplay), Peter Jackson (screenplay), Guillermo del Toro (screenplay), J.R.R. Tolkien (novel)",0.59
180,187,G.I. Joe: The Rise of Cobra,Par.,54713046.0,8/7/09,Stephen Sommers,175000000.0,tt1046173,Aug,2009,$7.50 ,"Adewale Akinnuoye-Agbaje, Christopher Eccleston, Grégory Fitoussi, Joseph Gordon-Levitt","Action, Adventure, Sci-Fi","Stuart Beattie (screenplay), David Elliot (screenplay), Paul Lovett (screenplay), Michael B. Gordon (story), Stuart Beattie (story), Stephen Sommers (story)",0.35
181,188,Divergent,LG/S,54607747.0,3/21/14,Neil Burger,85000000.0,tt1840309,Mar,2014,$8.17 ,"Shailene Woodley, Theo James, Ashley Judd, Jai Courtney","Adventure, Mystery, Sci-Fi","Evan Daugherty (screenplay), Vanessa Taylor (screenplay), Veronica Roth (novel)",0.41
182,189,MIB 3,Sony,54592779.0,5/25/12,,,tt2872992,May,2012,$7.96 ,"Will Smith, Walter F. Parkes, Barry Sonnenfeld, Nicole Scherzinger","Short, Comedy",N/A,
183,190,San Andreas,WB (NL),54588173.0,5/29/15,Brad Peyton,110000000.0,tt2126355,May,2015,$8.43 ,"Dwayne Johnson, Carla Gugino, Alexandra Daddario, Ioan Gruffudd","Action, Adventure, Drama","Carlton Cuse (screenplay), Andre Fabrizio (story), Jeremy Passmore (story), Carlton Cuse, Andre Fabrizio",0.5
184,191,X-Men,Fox,54471475.0,7/14/00,Bryan Singer,75000000.0,tt0120903,July,2000,$5.39 ,"Hugh Jackman, Patrick Stewart, Ian McKellen, Famke Janssen","Action, Adventure, Sci-Fi","Tom DeSanto (story), Bryan Singer (story), David Hayter (screenplay)",0.81
185,192,Ted,Uni.,54415205.0,6/29/12,Seth MacFarlane,50000000.0,tt1637725,Jun,2012,$7.96 ,"Mark Wahlberg, Mila Kunis, Seth MacFarlane, Joel McHale","Comedy, Fantasy","Seth MacFarlane (screenplay by), Alec Sulkin (screenplay by), Wellesley Wild (screenplay by), Seth MacFarlane (story by)",0.68
186,193,The Martian,Fox,54308575.0,10/2/15,Ridley Scott,108000000.0,tt3659388,Oct,2015,$8.43 ,"Matt Damon, Jessica Chastain, Kristen Wiig, Jeff Daniels","Adventure, Drama, Sci-Fi","Drew Goddard (screenplay by), Andy Weir (based on the novel by)",0.91
187,194,Night at the Museum: Battle of the Smithsonian,Fox,54173286.0,5/22/09,Shawn Levy,150000000.0,tt1078912,May,2009,$7.50 ,"Ben Stiller, Amy Adams, Owen Wilson, Hank Azaria","Adventure, Comedy, Family","Robert Ben Garant, Thomas Lennon, Robert Ben Garant (characters), Thomas Lennon (characters)",0.44
188,195,Scooby-Doo,WB,54155312.0,6/14/02,Raja Gosnell,84000000.0,tt0267913,Jun,2002,$5.80 ,"Freddie Prinze Jr., Sarah Michelle Gellar, Matthew Lillard, Linda Cardellini","Adventure, Comedy, Family","James Gunn (screenplay), Craig Titley (story), James Gunn (story), William Hanna (characters), Joseph Barbera (characters)",0.3
189,196,Cars 3,BV,53688680.0,6/16/17,Brian Fee,175000000.0,tt3606752,Jun,2017,$8.97 ,"Owen Wilson, Cristela Alonzo, Chris Cooper, Nathan Fillion","Animation, Adventure, Comedy","Brian Fee (original story by), Ben Queen (original story by), Eyal Podell (original story by), Jonathon E. Stewart (original story by), Kiel Murray (screenplay by), Bob Peterson (screenplay by), Mike Rich (screenplay by), Scott Morse (additional story material)",0.68
190,197,Green Lantern,WB,53174303.0,6/17/11,Martin Campbell,200000000.0,tt1133985,Jun,2011,$7.93 ,"Ryan Reynolds, Blake Lively, Peter Sarsgaard, Mark Strong","Action, Adventure, Sci-Fi","Greg Berlanti (screenplay), Michael Green (screenplay), Marc Guggenheim (screenplay), Michael Goldenberg (screenplay), Greg Berlanti (screen story), Michael Green (screen story), Marc Guggenheim (screen story)",0.26
191,198,The Wolverine,Fox,53113752.0,7/26/13,James Mangold,120000000.0,tt1430132,July,2013,$8.13 ,"Hugh Jackman, Tao Okamoto, Rila Fukushima, Hiroyuki Sanada","Action, Adventure, Sci-Fi","Mark Bomback (screenplay), Scott Frank (screenplay)",0.69
192,199,The LEGO Batman Movie,WB,53003468.0,2/10/17,Chris McKay,80000000.0,tt4116284,Feb,2017,$8.97 ,"Will Arnett, Michael Cera, Rosario Dawson, Ralph Fiennes","Animation, Action, Comedy","Seth Grahame-Smith (screenplay by), Chris McKenna (screenplay by), Erik Sommers (screenplay by), Jared Stern (screenplay by), John Whittington (screenplay by), Seth Grahame-Smith (story by), Bob Kane (Batman created by), Bill Finger (Batman created by), Jerry Siegel (Superman created by), Joe Shuster (Superman created by), William Moulton Marston (Wonder Woman created by), Ole Kirk Christiansen (based on LEGO Construction Toys created by), Godtfred Kirk Christiansen (based on LEGO Construction Toys created by), Jens Nygaard Knudsen (based on LEGO Construction Toys created by)",0.9
193,201,Paranormal Activity 3,Par.,52568183.0,10/21/11,"Henry Joost, Ariel Schulman",5000000.0,tt1778304,Oct,2011,$7.93 ,"Lauren Bittner, Christopher Nicholas Smith, Chloe Csengery, Jessica Tyler Brown",Horror,"Christopher Landon, Oren Peli (film ""Paranormal Activity"")",0.69
194,202,Superman Returns,WB,52535096.0,6/28/06,Bryan Singer,209000000.0,tt0348150,Jun,2006,$6.55 ,"Brandon Routh, Kate Bosworth, Kevin Spacey, James Marsden","Action, Adventure, Fantasy","Michael Dougherty (screenplay), Dan Harris (screenplay), Bryan Singer (story), Michael Dougherty (story), Dan Harris (story), Jerry Siegel (characters), Joe Shuster (characters)",0.75
195,203,The Bourne Supremacy,Uni.,52521865.0,7/23/04,Paul Greengrass,75000000.0,tt0372183,July,2004,$6.21 ,"Matt Damon, Franka Potente, Brian Cox, Julia Stiles","Action, Mystery, Thriller","Robert Ludlum (novel), Tony Gilroy (screenplay)",0.81
196,204,The Divergent Series: Insurgent,LG/S,52263680.0,3/20/15,,,,Mar,2015,$8.43 ,,,,
197,205,"I, Robot",Fox,52179887.0,7/16/04,Alex Proyas,52179887.0,tt0343818,July,2004,$6.21 ,"Will Smith, Bridget Moynahan, Alan Tudyk, James Cromwell","Action, Adventure, Crime","Jeff Vintar (screenplay), Akiva Goldsman (screenplay), Jeff Vintar (screen story), Isaac Asimov (suggested by book)","{'Source': 'Metacritic', 'Value': '59/100'}"
198,206,Men in Black II,Sony,52148751.0,7/3/02,Barry Sonnenfeld,140000000.0,tt0120912,July,2002,$5.80 ,"Tommy Lee Jones, Will Smith, Rip Torn, Lara Flynn Boyle","Action, Adventure, Comedy","Lowell Cunningham (comic book ""Malibu Comics""), Robert Gordon (story), Robert Gordon (screenplay), Barry Fanaro (screenplay)",0.39
199,207,Home (2015),Fox,52107731.0,3/27/15,,,,Mar,2015,$8.43 ,,,,
200,208,Van Helsing,Uni.,51748040.0,5/7/04,Stephen Sommers,160000000.0,tt0338526,May,2004,$6.21 ,"Hugh Jackman, Kate Beckinsale, Richard Roxburgh, David Wenham","Action, Adventure, Fantasy",Stephen Sommers,"{'Source': 'Metacritic', 'Value': '35/100'}"
201,209,8 Mile,Uni.,51240555.0,11/8/02,Curtis Hanson,41000000.0,tt0298203,Nov,2002,$5.80 ,"Eminem, Kim Basinger, Mekhi Phifer, Brittany Murphy","Drama, Music",Scott Silver,0.76
202,211,Prometheus,Fox,51050101.0,6/8/12,Ridley Scott,130000000.0,tt1446714,Jun,2012,$7.96 ,"Noomi Rapace, Michael Fassbender, Charlize Theron, Idris Elba","Adventure, Mystery, Sci-Fi","Jon Spaihts, Damon Lindelof, Dan O'Bannon (based on elements created by), Ronald Shusett (based on elements created by)",0.73
203,212,Wanted,Uni.,50927085.0,6/27/08,Timur Bekmambetov,75000000.0,tt0493464,Jun,2008,$7.18 ,"James McAvoy, Morgan Freeman, Angelina Jolie, Terence Stamp","Action, Crime, Fantasy","Michael Brandt (screenplay), Derek Haas (screenplay), Chris Morgan (screenplay), Michael Brandt (story), Derek Haas (story), Mark Millar (comic book series), J.G. Jones (comic book series)",0.71
204,213,Coco,BV,50802605.0,11/22/17,"Lee Unkrich, Adrian Molina(co-director)",175000000.0,tt2380307,Nov,2017,$8.97 ,"Anthony Gonzalez, Gael García Bernal, Benjamin Bratt, Alanna Ubach","Animation, Adventure, Comedy","Lee Unkrich (original story by), Jason Katz (original story by), Matthew Aldrich (original story by), Adrian Molina (original story by), Adrian Molina (screenplay by), Matthew Aldrich (screenplay by)",0.97
205,214,Jurassic Park III,Uni.,50771645.0,7/18/01,Joe Johnston,93000000.0,tt0163025,July,2001,$5.65 ,"Sam Neill, William H. Macy, Téa Leoni, Alessandro Nivola","Action, Adventure, Sci-Fi","Michael Crichton (characters), Peter Buchman, Alexander Payne, Jim Taylor",0.5
206,215,The Village,BV,50746142.0,7/30/04,M. Night Shyamalan,50746142.0,tt0368447,July,2004,$6.21 ,"Bryce Dallas Howard, Joaquin Phoenix, Adrien Brody, William Hurt","Drama, Mystery, Thriller",M. Night Shyamalan,0.43
207,216,Dunkirk,WB,50513488.0,7/21/17,Christopher Nolan,100000000.0,tt5013056,July,2017,$8.97 ,"Fionn Whitehead, Damien Bonnard, Aneurin Barnard, Lee Armstrong","Action, Drama, History",Christopher Nolan,0.92
208,217,2 Fast 2 Furious,Uni.,50472480.0,6/6/03,John Singleton,76000000.0,tt0322259,Jun,2003,$6.03 ,"Paul Walker, Tyrese Gibson, Eva Mendes, Cole Hauser","Action, Crime, Thriller","Gary Scott Thompson (characters), Michael Brandt (story), Derek Haas (story), Gary Scott Thompson (story), Michael Brandt (screenplay), Derek Haas (screenplay)",0.36
209,218,Jackass 3-D,Par.,50353641.0,10/15/10,,,,Oct,2010,$7.89 ,,,,
210,219,Mr. & Mrs. Smith,Fox,50342878.0,6/10/05,Doug Liman,50342878.0,tt0356910,Jun,2005,$6.41 ,"Brad Pitt, Angelina Jolie, Vince Vaughn, Adam Brody","Action, Comedy, Crime",Simon Kinberg,0.59
211,221,A Quiet Place,Par.,50203562.0,4/6/18,John Krasinski,17000000.0,tt6644200,Apr,2018,,"Emily Blunt, John Krasinski, Millicent Simmonds, Noah Jupe","Drama, Horror, Sci-Fi","Bryan Woods (screenplay by), Scott Beck (screenplay by), John Krasinski (screenplay by), Bryan Woods (story by), Scott Beck (story by)",0.95
212,222,The Boss Baby,Fox,50198902.0,3/31/17,Tom McGrath,50198902.0,tt3874544,Mar,2017,$8.97 ,"Alec Baldwin, Steve Buscemi, Jimmy Kimmel, Lisa Kudrow","Animation, Comedy, Family","Michael McCullers, Marla Frazee (based on the book by)",0.53
213,223,King Kong,Uni.,50130145.0,12/14/05,Peter Jackson,,tt0360717,Dec,2005,$6.41 ,"Naomi Watts, Jack Black, Adrien Brody, Thomas Kretschmann","Action, Adventure, Drama","Fran Walsh (screenplay), Philippa Boyens (screenplay), Peter Jackson (screenplay), Merian C. Cooper (based on a story by), Edgar Wallace (based on a story by)",0.84
214,224,The Great Gatsby (2013),WB,50085185.0,5/10/13,,,,May,2013,$8.13 ,,,,
