,Title,Studio,Opening,Date,Director,Budget,imdbID,month,year,Actor,Genre,Writer
6,Avengers: Infinity War,BV,"$257,698,183",4/27/2018,"Anthony Russo, Joe Russo",,tt4154756,4,2018,"Robert Downey Jr., Chris Hemsworth, Mark Ruffalo, Chris Evans","Action, Adventure, Fantasy","Christopher Markus (screenplay by), Stephen McFeely (screenplay by), Stan Lee (based on the Marvel comics by), Jack Kirby (based on the Marvel comics by), Joe Simon (Captain America created by), Jack Kirby (Captain America created by), Steve Englehart (Star-Lord created by), Steve Gan (Star-Lord created by), Bill Mantlo (Rocket Raccoon created by), Keith Giffen (Rocket Raccoon created by), Jim Starlin (Thanos,  Gamora and Drax created by), Stan Lee (Groot created by), Larry Lieber (Groot created by), Jack Kirby (Groot created by), Steve Englehart (Mantis created by), Don Heck (Mantis created by)"
7,Star Wars: The Force Awakens,BV,"$247,966,675",12/18/2015,J.J. Abrams,,tt2488496,12,2015,"Harrison Ford, Mark Hamill, Carrie Fisher, Adam Driver","Action, Adventure, Fantasy","Lawrence Kasdan, J.J. Abrams, Michael Arndt, George Lucas (based on characters created by)"
8,Star Wars: The Last Jedi,BV,"$220,009,584",12/15/2017,Rian Johnson,,tt2527336,12,2017,"Mark Hamill, Carrie Fisher, Adam Driver, Daisy Ridley","Action, Adventure, Fantasy","Rian Johnson, George Lucas (based on characters created by)"
9,Jurassic World,Uni.,"$208,806,270",6/12/2015,Colin Trevorrow,,tt0369610,6,2015,"Chris Pratt, Bryce Dallas Howard, Irrfan Khan, Vincent D'Onofrio","Action, Adventure, Sci-Fi","Rick Jaffa (screenplay by), Amanda Silver (screenplay by), Colin Trevorrow (screenplay by), Derek Connolly (screenplay by), Rick Jaffa (story by), Amanda Silver (story by), Michael Crichton (based on the characters created by)"
10,Marvel's The Avengers,BV,"$207,438,708",5/4/2012,,,,5,2012,,,
11,Black Panther,BV,"$202,003,951",2/16/2018,Ryan Coogler,,tt1825683,2,2018,"Chadwick Boseman, Michael B. Jordan, Lupita Nyong'o, Danai Gurira","Action, Adventure, Sci-Fi","Ryan Coogler, Joe Robert Cole, Stan Lee (based on the Marvel Comics by), Jack Kirby (based on the Marvel Comics by)"
12,Avengers: Age of Ultron,BV,"$191,271,109",5/1/2015,Joss Whedon,,tt2395427,5,2015,"Robert Downey Jr., Chris Hemsworth, Mark Ruffalo, Chris Evans","Action, Adventure, Sci-Fi","Joss Whedon, Stan Lee (based on the Marvel comics by), Jack Kirby (based on the Marvel comics by), Joe Simon (character created by: Captain America), Jack Kirby (character created by: Captain America), Jim Starlin (character created by: Thanos)"
13,Incredibles 2,BV,"$182,687,905",6/15/2018,Brad Bird,,tt3606756,6,2018,"Craig T. Nelson, Holly Hunter, Sarah Vowell, Huck Milner","Animation, Action, Adventure",Brad Bird
14,Captain America: Civil War,BV,"$179,139,142",5/6/2016,"Anthony Russo, Joe Russo",,tt3498820,5,2016,"Chris Evans, Robert Downey Jr., Scarlett Johansson, Sebastian Stan","Action, Adventure, Sci-Fi","Christopher Markus (screenplay by), Stephen McFeely (screenplay by), Joe Simon (based on the Marvel comics by), Jack Kirby (based on the Marvel comics by)"
15,Beauty and the Beast (2017),BV,"$174,750,616",3/17/2017,,,,3,2017,,,
16,Iron Man 3,BV,"$174,144,585",5/3/2013,Shane Black,,tt1300854,5,2013,"Robert Downey Jr., Gwyneth Paltrow, Don Cheadle, Guy Pearce","Action, Adventure, Sci-Fi","Drew Pearce (screenplay by), Shane Black (screenplay by), Stan Lee (based on the Marvel comic book by), Don Heck (based on the Marvel comic book by), Larry Lieber (based on the Marvel comic book by), Jack Kirby (based on the Marvel comic book by), Warren Ellis (based on the ""Extremis"" mini-series written by), Adi Granov (based on the ""Extremis"" mini-series illustrated by)"
17,Harry Potter and the Deathly Hallows Part 2,WB,"$169,189,427",7/15/2011,David Yates,,tt1201607,7,2011,"Ralph Fiennes, Michael Gambon, Alan Rickman, Daniel Radcliffe","Adventure, Drama, Fantasy","Steve Kloves (screenplay), J.K. Rowling (novel)"
18,Batman v Superman: Dawn of Justice,WB,"$166,007,347",3/25/2016,Zack Snyder,,tt2975590,3,2016,"Ben Affleck, Henry Cavill, Amy Adams, Jesse Eisenberg","Action, Adventure, Fantasy","Chris Terrio, David S. Goyer, Bob Kane (Batman created by), Bill Finger (Batman created by), Jerry Siegel (Superman created by), Joe Shuster (Superman created by), William Moulton Marston (character created by: Wonder Woman)"
19,The Dark Knight Rises,WB,"$160,887,295",7/20/2012,Christopher Nolan,,tt1345836,7,2012,"Christian Bale, Gary Oldman, Tom Hardy, Joseph Gordon-Levitt","Action, Thriller","Jonathan Nolan (screenplay), Christopher Nolan (screenplay), Christopher Nolan (story), David S. Goyer (story), Bob Kane (characters)"
21,The Hunger Games: Catching Fire,LGF,"$158,074,286",11/22/2013,Francis Lawrence,,tt1951264,11,2013,"Jennifer Lawrence, Liam Hemsworth, Jack Quaid, Taylor St. Clair","Action, Adventure, Mystery","Simon Beaufoy (screenplay), Michael Arndt (screenplay), Suzanne Collins (novel)"
22,Rogue One: A Star Wars Story,BV,"$155,081,681",12/16/2016,Gareth Edwards,,tt3748528,12,2016,"Felicity Jones, Diego Luna, Alan Tudyk, Donnie Yen","Action, Adventure, Sci-Fi","Chris Weitz (screenplay by), Tony Gilroy (screenplay by), John Knoll (story by), Gary Whitta (story by), George Lucas (based on characters created by)"
23,The Hunger Games,LGF,"$152,535,747",3/23/2012,Gary Ross,,tt1392170,3,2012,"Stanley Tucci, Wes Bentley, Jennifer Lawrence, Willow Shields","Adventure, Sci-Fi, Thriller","Gary Ross (screenplay), Suzanne Collins (screenplay), Billy Ray (screenplay), Suzanne Collins (novel)"
25,Jurassic World: Fallen Kingdom,Uni.,"$148,024,610",6/22/2018,J.A. Bayona,,tt4881806,6,2018,"Chris Pratt, Bryce Dallas Howard, Rafe Spall, Justice Smith","Action, Adventure, Sci-Fi","Derek Connolly, Colin Trevorrow, Michael Crichton (based on characters created by)"
26,Furious 7,Uni.,"$147,187,040",4/3/2015,James Wan,,tt2820852,4,2015,"Vin Diesel, Paul Walker, Jason Statham, Michelle Rodriguez","Action, Crime, Thriller","Chris Morgan, Gary Scott Thompson (characters)"
27,Guardians of the Galaxy Vol. 2,BV,"$146,510,104",5/5/2017,James Gunn,,tt3896198,5,2017,"Chris Pratt, Zoe Saldana, Dave Bautista, Vin Diesel","Action, Adventure, Sci-Fi","James Gunn, Dan Abnett (based on the Marvel comics by), Andy Lanning (based on the Marvel comics by), Steve Englehart (Star-Lord created by), Steve Gan (Star-Lord created by), Jim Starlin (Gamora and Drax created by), Stan Lee (Groot created by), Larry Lieber (Groot created by), Jack Kirby (Groot created by), Bill Mantlo (Rocket Raccoon created by), Keith Giffen (Rocket Raccoon created by), Steve Gerber (Howard the Duck created by), Val Mayerik (Howard the Duck created by)"
29,The Twilight Saga: Breaking Dawn Part 2,LG/S,"$141,067,634",11/16/2012,Bill Condon,,tt1673434,11,2012,"Kristen Stewart, Robert Pattinson, Taylor Lautner, Peter Facinelli","Adventure, Drama, Fantasy","Melissa Rosenberg (screenplay), Stephenie Meyer (novel)"
30,The Twilight Saga: Breaking Dawn Part 1,Sum.,"$138,122,261",11/18/2011,N/A,,tt2395475,11,2011,Juley Ross,Short,N/A
32,Finding Dory,BV,"$135,060,273",6/17/2016,,,,6,2016,,,
33,Suicide Squad,WB,"$133,682,248",8/5/2016,,,,8,2016,,,
34,Deadpool,Fox,"$132,434,639",2/12/2016,,,,2,2016,,,
35,Iron Man 2,Par.,"$128,122,480",5/7/2010,,,,5,2010,,,
36,Deadpool 2,Fox,"$125,507,153",5/18/2018,,,,5,2018,,,
37,Harry Potter and the Deathly Hallows Part 1,WB,"$125,017,372",11/19/2010,,,,11,2010,,,
38,It,WB (NL),"$123,403,419",9/8/2017,,,,9,2017,,,
39,Thor: Ragnarok,BV,"$122,744,989",11/3/2017,,,,11,2017,,,
40,The Hunger Games: Mockingjay - Part 1,LGF,"$121,897,634",11/21/2014,,,,11,2014,,,
42,Spider-Man: Homecoming,Sony,"$117,027,503",7/7/2017,,,,7,2017,,,
43,Man of Steel,WB,"$116,619,362",6/14/2013,,,,6,2013,,,
44,Alice in Wonderland (2010),BV,"$116,101,023",3/5/2010,,,,3,2010,,,
45,Minions,Uni.,"$115,718,405",7/10/2015,,,,7,2015,,,
48,Toy Story 3,BV,"$110,307,189",6/18/2010,,,,6,2010,,,
52,The Secret Life of Pets,Uni.,"$104,352,905",7/8/2016,,,,7,2016,,,
53,The Jungle Book (2016),BV,"$103,261,464",4/15/2016,,,,4,2016,,,
54,Wonder Woman,WB,"$103,251,471",6/2/2017,,,,6,2017,,,
57,The Hunger Games: Mockingjay - Part 2,LGF,"$102,665,981",11/20/2015,,,,11,2015,,,
59,Transformers: Age of Extinction,Par.,"$100,038,390",6/27/2014,,,,6,2014,,,
60,The Fate of the Furious,Uni.,"$98,786,705",4/14/2017,,,,4,2017,,,
62,Transformers: Dark of the Moon,P/DW,"$97,852,865",6/29/2011,,,,6,2011,,,
63,Fast & Furious 6,Uni.,"$97,375,245",5/24/2013,,,,5,2013,,,
64,Captain America: The Winter Soldier,BV,"$95,023,721",4/4/2014,,,,4,2014,,,
65,Guardians of the Galaxy,BV,"$94,320,883",8/1/2014,,,,8,2014,,,
66,Justice League,WB,"$93,842,239",11/17/2017,,,,11,2017,,,
68,Godzilla (2014),WB,"$93,188,384",5/16/2014,,,,5,2014,,,
70,The Amazing Spider-Man 2,Sony,"$91,608,337",5/2/2014,,,,5,2014,,,
71,X-Men: Days of Future Past,Fox,"$90,823,660",5/23/2014,,,,5,2014,,,
72,Inside Out,BV,"$90,440,272",6/19/2015,,,,6,2015,,,
74,Pirates of the Caribbean: On Stranger Tides,BV,"$90,151,958",5/20/2011,,,,5,2011,,,
75,American Sniper,WB,"$89,269,066",1/16/2015,,,,1,2015,,,
76,Logan,Fox,"$88,411,916",3/3/2017,,,,3,2017,,,
77,Skyfall,Sony,"$88,364,714",11/9/2012,,,,11,2012,,,
80,Fast Five,Uni.,"$86,198,765",4/29/2011,,,,4,2011,,,
81,The Hangover Part II,WB,"$85,946,294",5/26/2011,,,,5,2011,,,
82,Thor: The Dark World,BV,"$85,737,841",11/8/2013,,,,11,2013,,,
84,Fifty Shades of Grey,Uni.,"$85,171,450",2/13/2015,,,,2,2015,,,
85,Doctor Strange,BV,"$85,058,311",11/4/2016,,,,11,2016,,,
87,The Hobbit: An Unexpected Journey,WB (NL),"$84,617,303",12/14/2012,,,,12,2012,,,
88,Solo: A Star Wars Story,BV,"$84,420,489",5/25/2018,,,,5,2018,,,
90,Despicable Me 2,Uni.,"$83,517,315",7/3/2013,,,,7,2013,,,
91,Monsters University,BV,"$82,429,469",6/21/2013,,,,6,2013,,,
93,Oz The Great and Powerful,BV,"$79,110,453",3/8/2013,,,,3,2013,,,
100,Zootopia,BV,"$75,063,401",3/4/2016,,,,3,2016,,,
101,Fantastic Beasts and Where To Find Them,WB,"$74,403,387",11/18/2016,,,,11,2016,,,
103,The Hobbit: The Desolation of Smaug,WB (NL),"$73,645,197",12/13/2013,,,,12,2013,,,
106,Dawn of the Planet of the Apes,Fox,"$72,611,427",7/11/2014,,,,7,2014,,,
107,Despicable Me 3,Uni.,"$72,434,025",6/30/2017,,,,6,2017,,,
111,Shrek Forever After,P/DW,"$70,838,207",5/21/2010,,,,5,2010,,,
114,Spectre,Sony,"$70,403,148",11/6/2015,,,,11,2015,,,
116,Dr. Seuss' The Lorax,Uni.,"$70,217,070",3/2/2012,,,,3,2012,,,
117,Star Trek Into Darkness,Par.,"$70,165,559",5/16/2013,,,,5,2013,,,
119,Maleficent,BV,"$69,431,298",5/30/2014,,,,5,2014,,,
121,Pitch Perfect 2,Uni.,"$69,216,890",5/15/2015,,,,5,2015,,,
122,The LEGO Movie,WB,"$69,050,279",2/7/2014,,,,2,2014,,,
129,Cinderella (2015),BV,"$67,877,361",3/13/2015,,,,3,2015,,,
132,Frozen,BV,"$67,391,326",11/27/2013,,,,11,2013,,,
133,World War Z,Par.,"$66,411,834",6/21/2013,,,,6,2013,,,
134,Brave,BV,"$66,323,594",6/22/2012,,,,6,2012,,,
135,Cars 2,BV,"$66,135,507",6/24/2011,,,,6,2011,,,
136,X-Men: Apocalypse,Fox,"$65,769,562",5/27/2016,,,,5,2016,,,
137,Thor,Par.,"$65,723,338",5/6/2011,,,,5,2011,,,
138,Teenage Mutant Ninja Turtles (2014),Par.,"$65,575,105",8/8/2014,,,,8,2014,,,
141,Captain America: The First Avenger,Par.,"$65,058,524",7/22/2011,,,,7,2011,,,
143,The Twilight Saga: Eclipse,Sum.,"$64,832,191",6/30/2010,,,,6,2010,,,
147,Pirates of the Caribbean: Dead Men Tell No Tales,BV,"$62,983,253",5/26/2017,,,,5,2017,,,
148,Inception,WB,"$62,785,337",7/16/2010,,,,7,2010,,,
154,The Amazing Spider-Man,Sony,"$62,004,688",7/3/2012,,,,7,2012,,,
155,Clash of the Titans (2010),WB,"$61,235,105",4/2/2010,,,,4,2010,,,
156,Kong: Skull Island,WB,"$61,025,472",3/10/2017,,,,3,2017,,,
157,Madagascar 3: Europe's Most Wanted,P/DW,"$60,316,738",6/8/2012,,,,6,2012,,,
159,Straight Outta Compton,Uni.,"$60,200,180",8/14/2015,,,,8,2015,,,
163,Star Trek Beyond,Par.,"$59,253,211",7/22/2016,,,,7,2016,,,
164,Jason Bourne,Uni.,"$59,215,365",7/29/2016,,,,7,2016,,,
170,Ant-Man,BV,"$57,225,526",7/17/2015,,,,7,2015,,,
171,22 Jump Street,Sony,"$57,071,445",6/13/2014,,,,6,2014,,,
173,Moana,BV,"$56,631,401",11/23/2016,,,,11,2016,,,
174,Despicable Me,Uni.,"$56,397,125",7/9/2010,,,,7,2010,,,
175,War for the Planet of the Apes,Fox,"$56,262,929",7/14/2017,,,,7,2017,,,
176,Valentine's Day,WB (NL),"$56,260,707",2/12/2010,,,,2,2010,,,
177,Snow White and the Huntsman,Uni.,"$56,217,700",6/1/2012,,,,6,2012,,,
178,Big Hero 6,BV,"$56,215,889",11/7/2014,,,,11,2014,,,
181,Gravity,WB,"$55,785,112",10/4/2013,,,,10,2013,,,
182,The Karate Kid,Sony,"$55,665,805",6/11/2010,,,,6,2010,,,
183,Mission: Impossible - Rogue Nation,Par.,"$55,520,089",7/31/2015,,,,7,2015,,,
185,The SpongeBob Movie: Sponge Out of Water,Par.,"$55,365,012",2/6/2015,,,,2,2015,,,
187,X-Men: First Class,Fox,"$55,101,604",6/3/2011,,,,6,2011,,,
191,Rise of the Planet of the Apes,Fox,"$54,806,191",8/5/2011,,,,8,2011,,,
192,The Hobbit: The Battle of the Five Armies,WB (NL),"$54,724,334",12/17/2014,,,,12,2014,,,
194,Divergent,LG/S,"$54,607,747",3/21/2014,,,,3,2014,,,
195,MIB 3,Sony,"$54,592,779",5/25/2012,,,,5,2012,,,
196,San Andreas,WB (NL),"$54,588,173",5/29/2015,,,,5,2015,,,
198,Ted,Uni.,"$54,415,205",6/29/2012,,,,6,2012,,,
199,The Martian,Fox,"$54,308,575",10/2/2015,,,,10,2015,,,
202,Cars 3,BV,"$53,688,680",6/16/2017,,,,6,2017,,,
203,Green Lantern,WB,"$53,174,303",6/17/2011,,,,6,2011,,,
204,The Wolverine,Fox,"$53,113,752",7/26/2013,,,,7,2013,,,
205,The LEGO Batman Movie,WB,"$53,003,468",2/10/2017,,,,2,2017,,,
207,Paranormal Activity 3,Par.,"$52,568,183",10/21/2011,,,,10,2011,,,
210,The Divergent Series: Insurgent,LG/S,"$52,263,680",3/20/2015,,,,3,2015,,,
213,Home (2015),Fox,"$52,107,731",3/27/2015,,,,3,2015,,,
217,Prometheus,Fox,"$51,050,101",6/8/2012,,,,6,2012,,,
219,Coco,BV,"$50,802,605",11/22/2017,,,,11,2017,,,
222,Dunkirk,WB,"$50,513,488",7/21/2017,,,,7,2017,,,
224,Jackass 3-D,Par.,"$50,353,641",10/15/2010,,,,10,2010,,,
227,A Quiet Place,Par.,"$50,203,562",4/6/2018,,,,4,2018,,,
228,The Boss Baby,Fox,"$50,198,902",3/31/2017,,,,3,2017,,,
230,The Great Gatsby (2013),WB,"$50,085,185",5/10/2013,,,,5,2013,,,
6,Taken 2,Fox,"$49,514,769",10/5/2012,"Anthony Russo, Joe Russo",,tt4154756,4,2018,"Robert Downey Jr., Chris Hemsworth, Mark Ruffalo, Chris Evans","Action, Adventure, Fantasy","Christopher Markus (screenplay by), Stephen McFeely (screenplay by), Stan Lee (based on the Marvel comics by), Jack Kirby (based on the Marvel comics by), Joe Simon (Captain America created by), Jack Kirby (Captain America created by), Steve Englehart (Star-Lord created by), Steve Gan (Star-Lord created by), Bill Mantlo (Rocket Raccoon created by), Keith Giffen (Rocket Raccoon created by), Jim Starlin (Thanos,  Gamora and Drax created by), Stan Lee (Groot created by), Larry Lieber (Groot created by), Jack Kirby (Groot created by), Steve Englehart (Mantis created by), Don Heck (Mantis created by)"
7,How to Train Your Dragon 2,Fox,"$49,451,322",6/13/2014,J.J. Abrams,,tt2488496,12,2015,"Harrison Ford, Mark Hamill, Carrie Fisher, Adam Driver","Action, Adventure, Fantasy","Lawrence Kasdan, J.J. Abrams, Michael Arndt, George Lucas (based on characters created by)"
8,Rush Hour 3,NL,"$49,100,158",8/10/2007,Rian Johnson,,tt2527336,12,2017,"Mark Hamill, Carrie Fisher, Adam Driver, Daisy Ridley","Action, Adventure, Fantasy","Rian Johnson, George Lucas (based on characters created by)"
9,Wreck-It Ralph,BV,"$49,038,712",11/2/2012,Colin Trevorrow,,tt0369610,6,2015,"Chris Pratt, Bryce Dallas Howard, Irrfan Khan, Vincent D'Onofrio","Action, Adventure, Sci-Fi","Rick Jaffa (screenplay by), Amanda Silver (screenplay by), Colin Trevorrow (screenplay by), Derek Connolly (screenplay by), Rick Jaffa (story by), Amanda Silver (story by), Michael Crichton (based on the characters created by)"
10,Neighbors,Uni.,"$49,033,915",5/9/2014,,,,5,2012,,,
11,Alvin and the Chipmunks: The Squeakquel,Fox,"$48,875,415",12/23/2009,Ryan Coogler,,tt1825683,2,2018,"Chadwick Boseman, Michael B. Jordan, Lupita Nyong'o, Danai Gurira","Action, Adventure, Sci-Fi","Ryan Coogler, Joe Robert Cole, Stan Lee (based on the Marvel Comics by), Jack Kirby (based on the Marvel Comics by)"
12,Tangled,BV,"$48,767,052",11/24/2010,Joss Whedon,,tt2395427,5,2015,"Robert Downey Jr., Chris Hemsworth, Mark Ruffalo, Chris Evans","Action, Adventure, Sci-Fi","Joss Whedon, Stan Lee (based on the Marvel comics by), Jack Kirby (based on the Marvel comics by), Joe Simon (character created by: Captain America), Jack Kirby (character created by: Captain America), Jim Starlin (character created by: Thanos)"
13,Batman Begins,WB,"$48,745,440",6/15/2005,Brad Bird,,tt3606756,6,2018,"Craig T. Nelson, Holly Hunter, Sarah Vowell, Huck Milner","Animation, Action, Adventure",Brad Bird
14,The Matrix Revolutions,WB,"$48,475,154",11/5/2003,"Anthony Russo, Joe Russo",,tt3498820,5,2016,"Chris Evans, Robert Downey Jr., Scarlett Johansson, Sebastian Stan","Action, Adventure, Sci-Fi","Christopher Markus (screenplay by), Stephen McFeely (screenplay by), Joe Simon (based on the Marvel comics by), Jack Kirby (based on the Marvel comics by)"
15,Hotel Transylvania 2,Sony,"$48,464,322",9/25/2015,,,,3,2017,,,
16,Scary Movie 3,Dim.,"$48,113,770",10/24/2003,Shane Black,,tt1300854,5,2013,"Robert Downey Jr., Gwyneth Paltrow, Don Cheadle, Guy Pearce","Action, Adventure, Sci-Fi","Drew Pearce (screenplay by), Shane Black (screenplay by), Stan Lee (based on the Marvel comic book by), Don Heck (based on the Marvel comic book by), Larry Lieber (based on the Marvel comic book by), Jack Kirby (based on the Marvel comic book by), Warren Ellis (based on the ""Extremis"" mini-series written by), Adi Granov (based on the ""Extremis"" mini-series illustrated by)"
17,The Fault in our Stars,Fox,"$48,002,523",6/6/2014,David Yates,,tt1201607,7,2011,"Ralph Fiennes, Michael Gambon, Alan Rickman, Daniel Radcliffe","Adventure, Drama, Fantasy","Steve Kloves (screenplay), J.K. Rowling (novel)"
18,Mission: Impossible III,Par.,"$47,743,273",5/5/2006,Zack Snyder,,tt2975590,3,2016,"Ben Affleck, Henry Cavill, Amy Adams, Jesse Eisenberg","Action, Adventure, Fantasy","Chris Terrio, David S. Goyer, Bob Kane (Batman created by), Bill Finger (Batman created by), Jerry Siegel (Superman created by), Joe Shuster (Superman created by), William Moulton Marston (character created by: Wonder Woman)"
19,Lara Croft: Tomb Raider,Par.,"$47,735,743",6/15/2001,Christopher Nolan,,tt1345836,7,2012,"Christian Bale, Gary Oldman, Tom Hardy, Joseph Gordon-Levitt","Action, Thriller","Jonathan Nolan (screenplay), Christopher Nolan (screenplay), Christopher Nolan (story), David S. Goyer (story), Bob Kane (characters)"
21,The Longest Yard,Par.,"$47,606,480",5/27/2005,Francis Lawrence,,tt1951264,11,2013,"Jennifer Lawrence, Liam Hemsworth, Jack Quaid, Taylor St. Clair","Action, Adventure, Mystery","Simon Beaufoy (screenplay), Michael Arndt (screenplay), Suzanne Collins (novel)"
22,Shark Tale,DW,"$47,604,606",10/1/2004,Gareth Edwards,,tt3748528,12,2016,"Felicity Jones, Diego Luna, Alan Tudyk, Donnie Yen","Action, Adventure, Sci-Fi","Chris Weitz (screenplay by), Tony Gilroy (screenplay by), John Knoll (story by), Gary Whitta (story by), George Lucas (based on characters created by)"
23,Interstellar,Par.,"$47,510,360",11/7/2014,Gary Ross,,tt1392170,3,2012,"Stanley Tucci, Wes Bentley, Jennifer Lawrence, Willow Shields","Adventure, Sci-Fi, Thriller","Gary Ross (screenplay), Suzanne Collins (screenplay), Billy Ray (screenplay), Suzanne Collins (novel)"
25,The Lord of the Rings: The Fellowship of the Ring,NL,"$47,211,490",12/19/2001,J.A. Bayona,,tt4881806,6,2018,"Chris Pratt, Bryce Dallas Howard, Rafe Spall, Justice Smith","Action, Adventure, Sci-Fi","Derek Connolly, Colin Trevorrow, Michael Crichton (based on characters created by)"
26,Die Another Day,MGM,"$47,072,040",11/22/2002,James Wan,,tt2820852,4,2015,"Vin Diesel, Paul Walker, Jason Statham, Michelle Rodriguez","Action, Crime, Thriller","Chris Morgan, Gary Scott Thompson (characters)"
27,Talladega Nights: The Ballad of Ricky Bobby,Sony,"$47,042,215",8/4/2006,James Gunn,,tt3896198,5,2017,"Chris Pratt, Zoe Saldana, Dave Bautista, Vin Diesel","Action, Adventure, Sci-Fi","James Gunn, Dan Abnett (based on the Marvel comics by), Andy Lanning (based on the Marvel comics by), Steve Englehart (Star-Lord created by), Steve Gan (Star-Lord created by), Jim Starlin (Gamora and Drax created by), Stan Lee (Groot created by), Larry Lieber (Groot created by), Jack Kirby (Groot created by), Bill Mantlo (Rocket Raccoon created by), Keith Giffen (Rocket Raccoon created by), Steve Gerber (Howard the Duck created by), Val Mayerik (Howard the Duck created by)"
29,Jurassic Park,Uni.,"$47,026,828",6/11/1993,Bill Condon,,tt1673434,11,2012,"Kristen Stewart, Robert Pattinson, Taylor Lautner, Peter Facinelli","Adventure, Drama, Fantasy","Melissa Rosenberg (screenplay), Stephenie Meyer (novel)"
30,Troy,WB,"$46,865,412",5/14/2004,N/A,,tt2395475,11,2011,Juley Ross,Short,N/A
32,Ice Age: Continental Drift,Fox,"$46,629,259",7/13/2012,,,,6,2016,,,
33,Fifty Shades Darker,Uni.,"$46,607,250",2/10/2017,,,,8,2016,,,
34,Trolls,Fox,"$46,581,142",11/4/2016,,,,2,2016,,,
35,Bad Boys II,Sony,"$46,522,560",7/18/2003,,,,5,2010,,,
36,Ice Age,Fox,"$46,312,454",3/15/2002,,,,5,2018,,,
37,Angels & Demons,Sony,"$46,204,168",5/15/2009,,,,11,2010,,,
38,Meet the Fockers,Uni.,"$46,120,980",12/22/2004,,,,9,2017,,,
39,Ghostbusters (2016),Sony,"$46,018,755",7/15/2016,,,,11,2017,,,
40,Megamind,P/DW,"$46,016,833",11/5/2010,,,,11,2014,,,
42,Mission: Impossible,Par.,"$45,436,830",5/22/1996,,,,7,2017,,,
43,Mad Max: Fury Road,WB,"$45,428,128",5/15/2015,,,,6,2013,,,
44,Ghost Rider,Sony,"$45,388,836",2/16/2007,,,,3,2010,,,
45,American Pie 2,Uni.,"$45,117,985",8/10/2001,,,,7,2015,,,
48,The Hangover,WB,"$44,979,319",6/5/2009,,,,6,2010,,,
52,Alvin and the Chipmunks,Fox,"$44,307,417",12/14/2007,,,,7,2016,,,
53,The Peanuts Movie,Fox,"$44,213,073",11/6/2015,,,,4,2016,,,
54,Godzilla,Sony,"$44,047,541",5/20/1998,,,,6,2017,,,
57,Lucy,Uni.,"$43,899,340",7/25/2014,,,,11,2015,,,
59,Noah,Par.,"$43,720,472",3/28/2014,,,,6,2014,,,
60,The Croods,Fox,"$43,639,736",3/22/2013,,,,4,2017,,,
62,The Mummy,Uni.,"$43,369,635",5/7/1999,,,,6,2011,,,
63,Hitch,Sony,"$43,142,214",2/11/2005,,,,5,2013,,,
64,Batman and Robin,WB,"$42,872,605",6/20/1997,,,,4,2014,,,
65,Terminator Salvation,WB,"$42,558,390",5/21/2009,,,,8,2014,,,
66,Hotel Transylvania,Sony,"$42,522,194",9/28/2012,,,,11,2017,,,
68,Shrek,DW,"$42,347,760",5/16/2001,,,,5,2014,,,
70,Anger Management,SonR,"$42,220,847",4/11/2003,,,,5,2014,,,
71,High School Musical 3: Senior Year,BV,"$42,030,184",10/24/2008,,,,5,2014,,,
72,The Conjuring,WB (NL),"$41,855,326",7/19/2013,,,,6,2015,,,
74,Ice Age: Dawn of the Dinosaurs,Fox,"$41,690,382",7/1/2009,,,,5,2011,,,
75,The Hangover Part III,WB,"$41,671,198",5/23/2013,,,,1,2015,,,
76,Ocean's 8,WB,"$41,607,378",6/8/2018,,,,3,2017,,,
77,Big Daddy,Sony,"$41,536,370",6/25/1999,,,,11,2012,,,
80,Grown Ups 2,Sony,"$41,508,572",7/12/2013,,,,4,2011,,,
81,The Perfect Storm,WB,"$41,325,042",6/30/2000,,,,5,2011,,,
82,Kung Fu Panda 3,Fox,"$41,282,042",1/29/2016,,,,11,2013,,,
84,Deep Impact,Par.,"$41,152,375",5/8/1998,,,,2,2015,,,
85,Shutter Island,Par.,"$41,062,440",2/19/2010,,,,11,2016,,,
87,Independence Day: Resurgence,Fox,"$41,039,944",6/24/2016,,,,12,2012,,,
88,Tyler Perry's Madea Goes to Jail,LGF,"$41,030,947",2/20/2009,,,,5,2018,,,
90,Casino Royale,Sony,"$40,833,156",11/17/2006,,,,7,2013,,,
91,Paranormal Activity 2,Par.,"$40,678,424",10/22/2010,,,,6,2013,,,
93,Grown Ups,Sony,"$40,506,562",6/25/2010,,,,3,2013,,,
100,Power Rangers (2017),LGF,"$40,300,288",3/24/2017,,,,3,2016,,,
101,Insidious Chapter 2,FD,"$40,272,103",9/13/2013,,,,11,2016,,,
103,Safe House,Uni.,"$40,172,720",2/10/2012,,,,12,2013,,,
106,Cloverfield,Par.,"$40,058,229",1/18/2008,,,,7,2014,,,
107,Chicken Little,BV,"$40,049,778",11/4/2005,,,,6,2017,,,
6,50 First Dates,Sony,"$39,852,237",2/13/2004,"Anthony Russo, Joe Russo",,tt4154756,4,2018,"Robert Downey Jr., Chris Hemsworth, Mark Ruffalo, Chris Evans","Action, Adventure, Fantasy","Christopher Markus (screenplay by), Stephen McFeely (screenplay by), Stan Lee (based on the Marvel comics by), Jack Kirby (based on the Marvel comics by), Joe Simon (Captain America created by), Jack Kirby (Captain America created by), Steve Englehart (Star-Lord created by), Steve Gan (Star-Lord created by), Bill Mantlo (Rocket Raccoon created by), Keith Giffen (Rocket Raccoon created by), Jim Starlin (Thanos,  Gamora and Drax created by), Stan Lee (Groot created by), Larry Lieber (Groot created by), Jack Kirby (Groot created by), Steve Englehart (Mantis created by), Don Heck (Mantis created by)"
7,The Revenant,Fox,"$39,826,840",1/8/2016,J.J. Abrams,,tt2488496,12,2015,"Harrison Ford, Mark Hamill, Carrie Fisher, Adam Driver","Action, Adventure, Fantasy","Lawrence Kasdan, J.J. Abrams, Michael Arndt, George Lucas (based on characters created by)"
8,Wild Hogs,BV,"$39,699,023",3/2/2007,Rian Johnson,,tt2527336,12,2017,"Mark Hamill, Carrie Fisher, Adam Driver, Daisy Ridley","Action, Adventure, Fantasy","Rian Johnson, George Lucas (based on characters created by)"
9,Sherlock Holmes: A Game of Shadows,WB,"$39,637,079",12/16/2011,Colin Trevorrow,,tt0369610,6,2015,"Chris Pratt, Bryce Dallas Howard, Irrfan Khan, Vincent D'Onofrio","Action, Adventure, Sci-Fi","Rick Jaffa (screenplay by), Amanda Silver (screenplay by), Colin Trevorrow (screenplay by), Derek Connolly (screenplay by), Rick Jaffa (story by), Amanda Silver (story by), Michael Crichton (based on the characters created by)"
10,The Waterboy,BV,"$39,414,071",11/6/1998,,,,5,2012,,,
11,Rio 2,Fox,"$39,327,869",4/11/2014,Ryan Coogler,,tt1825683,2,2018,"Chadwick Boseman, Michael B. Jordan, Lupita Nyong'o, Danai Gurira","Action, Adventure, Sci-Fi","Ryan Coogler, Joe Robert Cole, Stan Lee (based on the Marvel Comics by), Jack Kirby (based on the Marvel Comics by)"
12,Rio,Fox,"$39,225,962",4/15/2011,Joss Whedon,,tt2395427,5,2015,"Robert Downey Jr., Chris Hemsworth, Mark Ruffalo, Chris Evans","Action, Adventure, Sci-Fi","Joss Whedon, Stan Lee (based on the Marvel comics by), Jack Kirby (based on the Marvel comics by), Joe Simon (character created by: Captain America), Jack Kirby (character created by: Captain America), Jim Starlin (character created by: Thanos)"
13,Taken 3,Fox,"$39,201,657",1/9/2015,Brad Bird,,tt3606756,6,2018,"Craig T. Nelson, Holly Hunter, Sarah Vowell, Huck Milner","Animation, Action, Adventure",Brad Bird
14,The Break-Up,Uni.,"$39,172,785",6/2/2006,"Anthony Russo, Joe Russo",,tt3498820,5,2016,"Chris Evans, Robert Downey Jr., Scarlett Johansson, Sebastian Stan","Action, Adventure, Sci-Fi","Christopher Markus (screenplay by), Stephen McFeely (screenplay by), Joe Simon (based on the Marvel comics by), Jack Kirby (based on the Marvel comics by)"
15,The Good Dinosaur,BV,"$39,155,217",11/25/2015,,,,3,2017,,,
16,Ocean's Twelve,WB,"$39,153,380",12/10/2004,Shane Black,,tt1300854,5,2013,"Robert Downey Jr., Gwyneth Paltrow, Don Cheadle, Guy Pearce","Action, Adventure, Sci-Fi","Drew Pearce (screenplay by), Shane Black (screenplay by), Stan Lee (based on the Marvel comic book by), Don Heck (based on the Marvel comic book by), Larry Lieber (based on the Marvel comic book by), Jack Kirby (based on the Marvel comic book by), Warren Ellis (based on the ""Extremis"" mini-series written by), Adi Granov (based on the ""Extremis"" mini-series illustrated by)"
17,The Grudge,Sony,"$39,128,715",10/22/2004,David Yates,,tt1201607,7,2011,"Ralph Fiennes, Michael Gambon, Alan Rickman, Daniel Radcliffe","Adventure, Drama, Fantasy","Steve Kloves (screenplay), J.K. Rowling (novel)"
18,Magic Mike,WB,"$39,127,170",6/29/2012,Zack Snyder,,tt2975590,3,2016,"Ben Affleck, Henry Cavill, Amy Adams, Jesse Eisenberg","Action, Adventure, Fantasy","Chris Terrio, David S. Goyer, Bob Kane (Batman created by), Bill Finger (Batman created by), Jerry Siegel (Superman created by), Joe Shuster (Superman created by), William Moulton Marston (character created by: Wonder Woman)"
19,The Heat,Fox,"$39,115,043",6/28/2013,Christopher Nolan,,tt1345836,7,2012,"Christian Bale, Gary Oldman, Tom Hardy, Joseph Gordon-Levitt","Action, Thriller","Jonathan Nolan (screenplay), Christopher Nolan (screenplay), Christopher Nolan (story), David S. Goyer (story), Bob Kane (characters)"
21,Dinosaur,BV,"$38,854,851",5/19/2000,Francis Lawrence,,tt1951264,11,2013,"Jennifer Lawrence, Liam Hemsworth, Jack Quaid, Taylor St. Clair","Action, Adventure, Mystery","Simon Beaufoy (screenplay), Michael Arndt (screenplay), Suzanne Collins (novel)"
22,Daddy's Home,Par.,"$38,740,203",12/25/2015,Gareth Edwards,,tt3748528,12,2016,"Felicity Jones, Diego Luna, Alan Tudyk, Donnie Yen","Action, Adventure, Sci-Fi","Chris Weitz (screenplay by), Tony Gilroy (screenplay by), John Knoll (story by), Gary Whitta (story by), George Lucas (based on characters created by)"
23,Get Smart,WB,"$38,683,480",6/20/2008,Gary Ross,,tt1392170,3,2012,"Stanley Tucci, Wes Bentley, Jennifer Lawrence, Willow Shields","Adventure, Sci-Fi, Thriller","Gary Ross (screenplay), Suzanne Collins (screenplay), Billy Ray (screenplay), Suzanne Collins (novel)"
25,You Don't Mess with the Zohan,Sony,"$38,531,374",6/6/2008,J.A. Bayona,,tt4881806,6,2018,"Chris Pratt, Bryce Dallas Howard, Rafe Spall, Justice Smith","Action, Adventure, Sci-Fi","Derek Connolly, Colin Trevorrow, Michael Crichton (based on characters created by)"
26,The Legend of Tarzan,WB,"$38,527,856",7/1/2016,James Wan,,tt2820852,4,2015,"Vin Diesel, Paul Walker, Jason Statham, Michelle Rodriguez","Action, Crime, Thriller","Chris Morgan, Gary Scott Thompson (characters)"
27,Over the Hedge,P/DW,"$38,457,003",5/19/2006,James Gunn,,tt3896198,5,2017,"Chris Pratt, Zoe Saldana, Dave Bautista, Vin Diesel","Action, Adventure, Sci-Fi","James Gunn, Dan Abnett (based on the Marvel comics by), Andy Lanning (based on the Marvel comics by), Steve Englehart (Star-Lord created by), Steve Gan (Star-Lord created by), Jim Starlin (Gamora and Drax created by), Stan Lee (Groot created by), Larry Lieber (Groot created by), Jack Kirby (Groot created by), Bill Mantlo (Rocket Raccoon created by), Keith Giffen (Rocket Raccoon created by), Steve Gerber (Howard the Duck created by), Val Mayerik (Howard the Duck created by)"
29,Alien Vs. Predator,Fox,"$38,291,056",8/13/2004,Bill Condon,,tt1673434,11,2012,"Kristen Stewart, Robert Pattinson, Taylor Lautner, Peter Facinelli","Adventure, Drama, Fantasy","Melissa Rosenberg (screenplay), Stephenie Meyer (novel)"
30,The Angry Birds Movie,Sony,"$38,155,177",5/20/2016,N/A,,tt2395475,11,2011,Juley Ross,Short,N/A
32,Ocean's Eleven,WB,"$38,107,822",12/7/2001,,,,6,2016,,,
33,Rango,Par.,"$38,079,323",3/4/2011,,,,8,2016,,,
34,Inglourious Basterds,Wein.,"$38,054,676",8/21/2009,,,,2,2016,,,
35,Bee Movie,P/DW,"$38,021,044",11/2/2007,,,,5,2010,,,
36,Lone Survivor,Uni.,"$37,849,910",1/10/2014,,,,5,2018,,,
37,Ace Ventura: When Nature Calls,WB,"$37,804,076",11/10/1995,,,,11,2010,,,
38,Charlie's Angels: Full Throttle,Sony,"$37,634,221",6/27/2003,,,,9,2017,,,
39,Hop,Uni.,"$37,543,710",4/1/2011,,,,11,2017,,,
40,Gone Girl,Fox,"$37,513,109",10/3/2014,,,,11,2014,,,
42,Pacific Rim,WB,"$37,285,325",7/12/2013,,,,7,2017,,,
43,Mr. Deeds,Sony,"$37,162,787",6/28/2002,,,,6,2013,,,
44,Annabelle,WB (NL),"$37,134,255",10/3/2014,,,,3,2010,,,
45,Air Force One,Sony,"$37,132,505",7/25/1997,,,,7,2015,,,
48,Red Dragon,Uni.,"$36,540,945",10/4/2002,,,,6,2010,,,
52,Marley and Me,Fox,"$36,357,586",12/25/2008,,,,7,2016,,,
53,21 Jump Street,Sony,"$36,302,612",3/16/2012,,,,4,2016,,,
54,Kingsman: The Secret Service,Fox,"$36,206,331",2/13/2015,,,,6,2017,,,
57,Ocean's Thirteen,WB,"$36,133,403",6/8/2007,,,,11,2015,,,
59,Armageddon,BV,"$36,089,972",7/1/1998,,,,6,2014,,,
60,The Scorpion King,Uni.,"$36,075,875",4/19/2002,,,,4,2017,,,
62,Robots,Fox,"$36,045,301",3/11/2005,,,,6,2011,,,
63,Salt,Sony,"$36,011,243",7/23/2010,,,,5,2013,,,
64,Star Wars (Special Edition),Fox,"$35,906,661",1/31/1997,,,,4,2014,,,
65,"10,000 B.C.",WB,"$35,867,488",3/7/2008,,,,8,2014,,,
66,Rampage (2018),WB (NL),"$35,753,093",4/13/2018,,,,11,2017,,,
68,Sweet Home Alabama,BV,"$35,648,740",9/27/2002,,,,5,2014,,,
70,Battle: Los Angeles,Sony,"$35,573,187",3/11/2011,,,,5,2014,,,
71,The Other Guys,Sony,"$35,543,162",8/6/2010,,,,5,2014,,,
72,Central Intelligence,WB (NL),"$35,535,250",6/17/2016,,,,6,2015,,,
74,Super 8,Par.,"$35,451,168",6/10/2011,,,,5,2011,,,
75,Teenage Mutant Ninja Turtles: Out of the Shadows,Par.,"$35,316,382",6/3/2016,,,,1,2015,,,
76,Lilo & Stitch,BV,"$35,260,212",6/21/2002,,,,3,2017,,,
77,Sing,Uni.,"$35,258,145",12/21/2016,,,,11,2012,,,
80,The Ring Two,DW,"$35,065,237",3/18/2005,,,,4,2011,,,
81,Runaway Bride,Par.,"$35,055,556",7/30/1999,,,,5,2011,,,
82,Sully,WB,"$35,028,301",9/9/2016,,,,11,2013,,,
84,The Expendables,LGF,"$34,825,135",8/13/2010,,,,2,2015,,,
85,Gladiator,DW,"$34,819,017",5/5/2000,,,,11,2016,,,
87,The Magnificent Seven (2016),Sony,"$34,703,397",9/23/2016,,,,12,2012,,,
88,Identity Thief,Uni.,"$34,551,025",2/8/2013,,,,5,2018,,,
90,Enchanted,BV,"$34,440,317",11/21/2007,,,,7,2013,,,
91,Couples Retreat,Uni.,"$34,286,740",10/9/2009,,,,6,2013,,,
93,I Now Pronounce You Chuck and Larry,Uni.,"$34,233,750",7/20/2007,,,,3,2013,,,
100,The Purge,Uni.,"$34,058,360",6/7/2013,,,,3,2016,,,
101,Lethal Weapon 4,WB,"$34,048,124",7/10/1998,,,,11,2016,,,
103,Wedding Crashers,NL,"$33,900,720",7/15/2005,,,,12,2013,,,
106,Think Like a Man,SGem,"$33,636,303",4/20/2012,,,,7,2014,,,
107,The Proposal,BV,"$33,627,598",6/19/2009,,,,6,2017,,,
111,The Green Hornet,Sony,"$33,526,876",1/14/2011,,,,5,2010,,,
114,Wrath of the Titans,WB,"$33,457,188",3/30/2012,,,,11,2015,,,
116,Spy Kids 3D: Game Over,Dim.,"$33,417,739",7/25/2003,,,,3,2012,,,
117,Get Out,Uni.,"$33,377,060",2/24/2017,,,,5,2013,,,
119,American Wedding,Uni.,"$33,369,440",8/1/2003,,,,5,2014,,,
121,Lethal Weapon 3,WB,"$33,243,086",5/15/1992,,,,5,2015,,,
122,A Wrinkle in Time,BV,"$33,123,609",3/9/2018,,,,2,2014,,,
129,The Book of Eli,WB,"$32,789,494",1/15/2010,,,,3,2015,,,
132,Due Date,WB,"$32,689,406",11/5/2010,,,,11,2013,,,
133,Blade II,NL,"$32,528,016",3/22/2002,,,,6,2013,,,
134,The Maze Runner,Fox,"$32,512,804",9/19/2014,,,,6,2012,,,
135,Hannah Montana The Movie,BV,"$32,324,487",4/10/2009,,,,6,2011,,,
136,Mr. Peabody & Sherman,Fox,"$32,207,057",3/7/2014,,,,5,2016,,,
137,Immortals,Rela.,"$32,206,425",11/11/2011,,,,5,2011,,,
138,Jackass Presents: Bad Grandpa,Par.,"$32,055,177",10/25/2013,,,,8,2014,,,
141,Terminator 2: Judgment Day,TriS,"$31,765,506",7/3/1991,,,,7,2011,,,
143,Saw II,Lions,"$31,725,652",10/28/2005,,,,6,2010,,,
147,The Truman Show,Par.,"$31,542,121",6/5/1998,,,,5,2017,,,
148,The Purge: Election Year,Uni.,"$31,515,110",7/1/2016,,,,7,2010,,,
154,The Sum of All Fears,Par.,"$31,178,526",5/31/2002,,,,7,2012,,,
155,Home Alone 2: Lost in New York,Fox,"$31,126,882",11/20/1992,,,,4,2010,,,
156,Hannah Montana/Miley Cyrus: Best of Both Worlds Concert Tour,BV,"$31,117,834",2/1/2008,,,,3,2017,,,
157,Elf,NL,"$31,113,501",11/7/2003,,,,6,2012,,,
159,Four Christmases,WB (NL),"$31,069,826",11/26/2008,,,,8,2015,,,
163,Step Brothers,Sony,"$30,940,732",7/25/2008,,,,7,2016,,,
164,Little Fockers,Uni.,"$30,833,665",12/22/2010,,,,7,2016,,,
170,Saving Private Ryan,DW,"$30,576,104",7/24/1998,,,,7,2015,,,
171,The Pacifier,BV,"$30,552,694",3/4/2005,,,,6,2014,,,
173,The Happening,Fox,"$30,517,109",6/13/2008,,,,11,2016,,,
174,Just Go With It,Sony,"$30,514,732",2/11/2011,,,,7,2010,,,
175,The Day the Earth Stood Still (2008),Fox,"$30,480,153",12/12/2008,,,,7,2017,,,
176,Dear John,SGem,"$30,468,614",2/5/2010,,,,2,2010,,,
177,John Wick: Chapter Two,LG/S,"$30,436,123",2/10/2017,,,,6,2012,,,
178,Night at the Museum,Fox,"$30,433,781",12/22/2006,,,,11,2014,,,
181,Maze Runner: The Scorch Trials,Fox,"$30,316,510",9/18/2015,,,,10,2013,,,
182,Cloudy with a Chance of Meatballs,Sony,"$30,304,648",9/18/2009,,,,6,2010,,,
183,America's Sweethearts,SonR,"$30,181,877",7/20/2001,,,,7,2015,,,
185,The Lion King (in 3D),BV,"$30,151,614",9/16/2011,,,,2,2015,,,
187,Django Unchained,Wein.,"$30,122,888",12/25/2012,,,,6,2011,,,
191,DodgeBall: A True Underdog Story,Fox,"$30,070,196",6/18/2004,,,,8,2011,,,
192,Lemony Snicket's A Series of Unfortunate Events,Par.,"$30,061,756",12/17/2004,,,,12,2014,,,
194,Panic Room,Sony,"$30,056,751",3/29/2002,,,,3,2014,,,
195,The Exorcism of Emily Rose,SGem,"$30,054,300",9/9/2005,,,,5,2012,,,
196,Saw V,LGF,"$30,053,954",10/24/2008,,,,5,2015,,,
198,A Christmas Carol (2009),BV,"$30,051,075",11/6/2009,,,,6,2012,,,
199,Tyler Perry's Madea's Family Reunion,LGF,"$30,030,661",2/24/2006,,,,10,2015,,,
6,The Purge: Anarchy,Uni.,"$29,816,675",7/18/2014,"Anthony Russo, Joe Russo",,tt4154756,4,2018,"Robert Downey Jr., Chris Hemsworth, Mark Ruffalo, Chris Evans","Action, Adventure, Fantasy","Christopher Markus (screenplay by), Stephen McFeely (screenplay by), Stan Lee (based on the Marvel comics by), Jack Kirby (based on the Marvel comics by), Joe Simon (Captain America created by), Jack Kirby (Captain America created by), Steve Englehart (Star-Lord created by), Steve Gan (Star-Lord created by), Bill Mantlo (Rocket Raccoon created by), Keith Giffen (Rocket Raccoon created by), Jim Starlin (Thanos,  Gamora and Drax created by), Stan Lee (Groot created by), Larry Lieber (Groot created by), Jack Kirby (Groot created by), Steve Englehart (Mantis created by), Don Heck (Mantis created by)"
7,Elysium,TriS,"$29,807,393",8/9/2013,J.J. Abrams,,tt2488496,12,2015,"Harrison Ford, Mark Hamill, Carrie Fisher, Adam Driver","Action, Adventure, Fantasy","Lawrence Kasdan, J.J. Abrams, Michael Arndt, George Lucas (based on characters created by)"
8,Hercules (2014),Par.,"$29,800,263",7/25/2014,Rian Johnson,,tt2527336,12,2017,"Mark Hamill, Carrie Fisher, Adam Driver, Daisy Ridley","Action, Adventure, Fantasy","Rian Johnson, George Lucas (based on characters created by)"
9,Constantine,WB,"$29,769,098",2/18/2005,Colin Trevorrow,,tt0369610,6,2015,"Chris Pratt, Bryce Dallas Howard, Irrfan Khan, Vincent D'Onofrio","Action, Adventure, Sci-Fi","Rick Jaffa (screenplay by), Amanda Silver (screenplay by), Colin Trevorrow (screenplay by), Derek Connolly (screenplay by), Rick Jaffa (story by), Amanda Silver (story by), Michael Crichton (based on the characters created by)"
10,What Lies Beneath,DW,"$29,702,959",7/21/2000,,,,5,2012,,,
11,The Flintstones,Uni.,"$29,688,730",5/27/1994,Ryan Coogler,,tt1825683,2,2018,"Chadwick Boseman, Michael B. Jordan, Lupita Nyong'o, Danai Gurira","Action, Adventure, Sci-Fi","Ryan Coogler, Joe Robert Cole, Stan Lee (based on the Marvel Comics by), Jack Kirby (based on the Marvel Comics by)"
12,Dark Shadows,WB,"$29,685,274",5/11/2012,Joss Whedon,,tt2395427,5,2015,"Robert Downey Jr., Chris Hemsworth, Mark Ruffalo, Chris Evans","Action, Adventure, Sci-Fi","Joss Whedon, Stan Lee (based on the Marvel comics by), Jack Kirby (based on the Marvel comics by), Joe Simon (character created by: Captain America), Jack Kirby (character created by: Captain America), Jim Starlin (character created by: Thanos)"
13,Daddy's Home 2,Par.,"$29,651,193",11/10/2017,Brad Bird,,tt3606756,6,2018,"Craig T. Nelson, Holly Hunter, Sarah Vowell, Huck Milner","Animation, Action, Adventure",Brad Bird
14,Creed,WB (NL),"$29,632,823",11/25/2015,"Anthony Russo, Joe Russo",,tt3498820,5,2016,"Chris Evans, Robert Downey Jr., Scarlett Johansson, Sebastian Stan","Action, Adventure, Sci-Fi","Christopher Markus (screenplay by), Stephen McFeely (screenplay by), Joe Simon (based on the Marvel comics by), Jack Kirby (based on the Marvel comics by)"
15,Insidious: The Last Key,Uni.,"$29,581,355",1/5/2018,,,,3,2017,,,
16,Mission: Impossible - Ghost Protocol,Par.,"$29,556,629",12/21/2011,Shane Black,,tt1300854,5,2013,"Robert Downey Jr., Gwyneth Paltrow, Don Cheadle, Guy Pearce","Action, Adventure, Sci-Fi","Drew Pearce (screenplay by), Shane Black (screenplay by), Stan Lee (based on the Marvel comic book by), Don Heck (based on the Marvel comic book by), Larry Lieber (based on the Marvel comic book by), Jack Kirby (based on the Marvel comic book by), Warren Ellis (based on the ""Extremis"" mini-series written by), Adi Granov (based on the ""Extremis"" mini-series illustrated by)"
17,Pocahontas,BV,"$29,531,619",6/23/1995,David Yates,,tt1201607,7,2011,"Ralph Fiennes, Michael Gambon, Alan Rickman, Daniel Radcliffe","Adventure, Drama, Fantasy","Steve Kloves (screenplay), J.K. Rowling (novel)"
18,Justin Bieber: Never Say Never,Par.,"$29,514,054",2/11/2011,Zack Snyder,,tt2975590,3,2016,"Ben Affleck, Henry Cavill, Amy Adams, Jesse Eisenberg","Action, Adventure, Fantasy","Chris Terrio, David S. Goyer, Bob Kane (Batman created by), Bill Finger (Batman created by), Jerry Siegel (Superman created by), Joe Shuster (Superman created by), William Moulton Marston (character created by: Wonder Woman)"
19,Gran Torino,WB,"$29,484,388",1/9/2009,Christopher Nolan,,tt1345836,7,2012,"Christian Bale, Gary Oldman, Tom Hardy, Joseph Gordon-Levitt","Action, Thriller","Jonathan Nolan (screenplay), Christopher Nolan (screenplay), Christopher Nolan (story), David S. Goyer (story), Bob Kane (characters)"
21,Scooby-Doo 2: Monsters Unleashed,WB,"$29,438,331",3/26/2004,Francis Lawrence,,tt1951264,11,2013,"Jennifer Lawrence, Liam Hemsworth, Jack Quaid, Taylor St. Clair","Action, Adventure, Mystery","Simon Beaufoy (screenplay), Michael Arndt (screenplay), Suzanne Collins (novel)"
22,Indiana Jones and the Last Crusade,Par.,"$29,355,021",5/24/1989,Gareth Edwards,,tt3748528,12,2016,"Felicity Jones, Diego Luna, Alan Tudyk, Donnie Yen","Action, Adventure, Sci-Fi","Chris Weitz (screenplay by), Tony Gilroy (screenplay by), John Knoll (story by), Gary Whitta (story by), George Lucas (based on characters created by)"
23,A.I. Artificial Intelligence,WB,"$29,352,630",6/29/2001,Gary Ross,,tt1392170,3,2012,"Stanley Tucci, Wes Bentley, Jennifer Lawrence, Willow Shields","Adventure, Sci-Fi, Thriller","Gary Ross (screenplay), Suzanne Collins (screenplay), Billy Ray (screenplay), Suzanne Collins (novel)"
25,Beverly Hills Chihuahua,BV,"$29,300,465",10/3/2008,J.A. Bayona,,tt4881806,6,2018,"Chris Pratt, Bryce Dallas Howard, Rafe Spall, Justice Smith","Action, Adventure, Sci-Fi","Derek Connolly, Colin Trevorrow, Michael Crichton (based on characters created by)"
26,Tyler Perry's Why Did I Get Married Too?,LGF,"$29,289,537",4/2/2010,James Wan,,tt2820852,4,2015,"Vin Diesel, Paul Walker, Jason Statham, Michelle Rodriguez","Action, Crime, Thriller","Chris Morgan, Gary Scott Thompson (characters)"
27,Think Like a Man Too,SGem,"$29,241,911",6/20/2014,James Gunn,,tt3896198,5,2017,"Chris Pratt, Zoe Saldana, Dave Bautista, Vin Diesel","Action, Adventure, Sci-Fi","James Gunn, Dan Abnett (based on the Marvel comics by), Andy Lanning (based on the Marvel comics by), Steve Englehart (Star-Lord created by), Steve Gan (Star-Lord created by), Jim Starlin (Gamora and Drax created by), Stan Lee (Groot created by), Larry Lieber (Groot created by), Jack Kirby (Groot created by), Bill Mantlo (Rocket Raccoon created by), Keith Giffen (Rocket Raccoon created by), Steve Gerber (Howard the Duck created by), Val Mayerik (Howard the Duck created by)"
29,The Lone Ranger,BV,"$29,210,849",7/3/2013,Bill Condon,,tt1673434,11,2012,"Kristen Stewart, Robert Pattinson, Taylor Lautner, Peter Facinelli","Adventure, Drama, Fantasy","Melissa Rosenberg (screenplay), Stephenie Meyer (novel)"
30,The Blair Witch Project,Art.,"$29,207,381",7/30/1999,N/A,,tt2395475,11,2011,Juley Ross,Short,N/A
32,Toy Story,BV,"$29,140,617",11/22/1995,,,,6,2016,,,
33,Sin City,Dim.,"$29,120,273",4/1/2005,,,,8,2016,,,
34,Spy,Fox,"$29,085,719",6/5/2015,,,,2,2016,,,
35,The Divergent Series: Allegiant,LG/S,"$29,027,348",3/18/2016,,,,5,2010,,,
36,Doctor Dolittle,Fox,"$29,014,324",6/26/1998,,,,5,2018,,,
37,The Santa Clause 2,BV,"$29,008,696",11/1/2002,,,,11,2010,,,
38,Paranormal Activity 4,Par.,"$29,003,866",10/19/2012,,,,9,2017,,,
39,Jackass: Number Two,Par.,"$29,002,002",9/22/2006,,,,11,2017,,,
40,Inside Man,Uni.,"$28,954,945",3/24/2006,,,,11,2014,,,
42,Non-Stop,Uni.,"$28,875,635",2/28/2014,,,,7,2017,,,
43,Miss Peregrine's Home for Peculiar Children,Fox,"$28,871,140",9/30/2016,,,,6,2013,,,
44,Edge of Tomorrow,WB,"$28,760,246",6/6/2014,,,,3,2010,,,
45,Murder on the Orient Express (2017),Fox,"$28,681,472",11/10/2017,,,,7,2015,,,
48,Obsessed,SGem,"$28,612,730",4/24/2009,,,,6,2010,,,
52,Anchorman: The Legend of Ron Burgundy,DW,"$28,416,365",7/9/2004,,,,7,2016,,,
53,Mama,Uni.,"$28,402,310",1/18/2013,,,,4,2016,,,
54,Nacho Libre,Par.,"$28,309,599",6/16/2006,,,,6,2017,,,
57,Pacific Rim Uprising,Uni.,"$28,116,535",3/23/2018,,,,11,2015,,,
59,The Texas Chainsaw Massacre,NL,"$28,094,014",10/17/2003,,,,6,2014,,,
60,Back to the Future Part II,Uni.,"$27,835,125",11/22/1989,,,,4,2017,,,
62,He's Just Not That Into You,WB (NL),"$27,785,487",2/6/2009,,,,6,2011,,,
63,Mamma Mia!,Uni.,"$27,751,240",7/18/2008,,,,5,2013,,,
64,Big Momma's House 2,Fox,"$27,736,056",1/27/2006,,,,4,2014,,,
65,Jarhead,Uni.,"$27,726,210",11/4/2005,,,,8,2014,,,
66,Along Came Polly,Uni.,"$27,721,185",1/16/2004,,,,11,2017,,,
68,Daddy Day Care,SonR,"$27,623,580",5/9/2003,,,,5,2014,,,
70,Cheaper by the Dozen,Fox,"$27,557,647",12/25/2003,,,,5,2014,,,
71,Wonder,LGF,"$27,547,866",11/17/2017,,,,5,2014,,,
72,The Devil Wears Prada,Fox,"$27,537,244",6/30/2006,,,,6,2015,,,
74,After Earth,Sony,"$27,520,040",5/31/2013,,,,5,2011,,,
75,Beowulf,Par.,"$27,515,871",11/16/2007,,,,1,2015,,,
76,42,WB,"$27,487,144",4/12/2013,,,,3,2017,,,
77,Hairspray (2007),NL,"$27,476,745",7/20/2007,,,,11,2012,,,
80,Jumper,Fox,"$27,354,808",2/14/2008,,,,4,2011,,,
81,Journey 2: The Mysterious Island,WB (NL),"$27,335,363",2/10/2012,,,,5,2011,,,
82,The Rugrats Movie,Par.,"$27,321,470",11/20/1998,,,,11,2013,,,
84,Les Miserables (2012),Uni.,"$27,281,735",12/25/2012,,,,2,2015,,,
85,Jack the Giant Slayer,WB (NL),"$27,202,226",3/1/2013,,,,11,2016,,,
87,2 Guns,Uni.,"$27,059,130",8/2/2013,,,,12,2012,,,
88,Terminator: Genisys,Par.,"$27,018,486",7/1/2015,,,,5,2018,,,
90,The Departed,WB,"$26,887,467",10/6/2006,,,,7,2013,,,
91,Alice Through the Looking Glass,BV,"$26,858,726",5/27/2016,,,,6,2013,,,
93,The Curious Case of Benjamin Button,Par.,"$26,853,816",12/25/2008,,,,3,2013,,,
100,The Pursuit of Happyness,Sony,"$26,541,709",12/15/2006,,,,3,2016,,,
101,Borat: Cultural Learnings of America for Make Benefit Glorious Nation of Kazakhstan,Fox,"$26,455,463",11/3/2006,,,,11,2016,,,
103,We're the Millers,WB (NL),"$26,419,396",8/7/2013,,,,12,2013,,,
106,Halloween (2007),MGM/W,"$26,362,367",8/31/2007,,,,7,2014,,,
107,Beverly Hills Cop II,Par.,"$26,348,555",5/20/1987,,,,6,2017,,,
111,GoldenEye,MGM,"$26,205,007",11/17/1995,,,,5,2010,,,
114,The Perfect Guy,SGem,"$25,888,154",9/11/2015,,,,11,2015,,,
116,Tropic Thunder,P/DW,"$25,812,796",8/13/2008,,,,3,2012,,,
117,The Golden Compass,NL,"$25,783,232",12/7/2007,,,,5,2013,,,
119,Miami Vice,Uni.,"$25,723,815",7/28/2006,,,,5,2014,,,
121,Fantastic Four,Fox,"$25,685,737",8/7/2015,,,,5,2015,,,
122,The A-Team,Fox,"$25,669,455",6/11/2010,,,,2,2014,,,
129,Battleship,Uni.,"$25,534,825",5/18/2012,,,,3,2015,,,
132,The Visit,Uni.,"$25,427,560",9/11/2015,,,,11,2013,,,
133,The Nutty Professor (1996),Uni.,"$25,411,725",6/28/1996,,,,6,2013,,,
134,The Firm,Par.,"$25,400,000",7/2/1993,,,,6,2012,,,
135,Teenage Mutant Ninja Turtles,NL,"$25,398,367",3/30/1990,,,,6,2011,,,
136,Tyler Perry's Madea's Witness Protection,LGF,"$25,390,575",6/29/2012,,,,5,2016,,,
137,Gnomeo and Juliet,BV,"$25,356,909",2/11/2011,,,,5,2011,,,
138,Apollo 13,Uni.,"$25,353,380",6/30/1995,,,,8,2014,,,
141,Underworld Awakening,SGem,"$25,306,725",1/20/2012,,,,7,2011,,,
143,Patch Adams,Uni.,"$25,262,280",12/25/1998,,,,6,2010,,,
147,Master and Commander: The Far Side of the World,Fox,"$25,105,990",11/14/2003,,,,5,2017,,,
148,Kill Bill Vol. 2,Mira.,"$25,104,949",4/16/2004,,,,7,2010,,,
154,Jack and Jill,Sony,"$25,003,575",11/11/2011,,,,7,2012,,,
155,,,,,,,,4,2010,,,
6,Flight,Par.,"$24,900,566",11/2/2012,"Anthony Russo, Joe Russo",,tt4154756,4,2018,"Robert Downey Jr., Chris Hemsworth, Mark Ruffalo, Chris Evans","Action, Adventure, Fantasy","Christopher Markus (screenplay by), Stephen McFeely (screenplay by), Stan Lee (based on the Marvel comics by), Jack Kirby (based on the Marvel comics by), Joe Simon (Captain America created by), Jack Kirby (Captain America created by), Steve Englehart (Star-Lord created by), Steve Gan (Star-Lord created by), Bill Mantlo (Rocket Raccoon created by), Keith Giffen (Rocket Raccoon created by), Jim Starlin (Thanos,  Gamora and Drax created by), Stan Lee (Groot created by), Larry Lieber (Groot created by), Jack Kirby (Groot created by), Steve Englehart (Mantis created by), Don Heck (Mantis created by)"
7,White House Down,Sony,"$24,852,258",6/28/2013,J.J. Abrams,,tt2488496,12,2015,"Harrison Ford, Mark Hamill, Carrie Fisher, Adam Driver","Action, Adventure, Fantasy","Lawrence Kasdan, J.J. Abrams, Michael Arndt, George Lucas (based on characters created by)"
8,A Good Day to Die Hard,Fox,"$24,834,845",2/14/2013,Rian Johnson,,tt2527336,12,2017,"Mark Hamill, Carrie Fisher, Adam Driver, Daisy Ridley","Action, Adventure, Fantasy","Rian Johnson, George Lucas (based on characters created by)"
9,True Grit,Par.,"$24,830,443",12/22/2010,Colin Trevorrow,,tt0369610,6,2015,"Chris Pratt, Bryce Dallas Howard, Irrfan Khan, Vincent D'Onofrio","Action, Adventure, Sci-Fi","Rick Jaffa (screenplay by), Amanda Silver (screenplay by), Colin Trevorrow (screenplay by), Derek Connolly (screenplay by), Rick Jaffa (story by), Amanda Silver (story by), Michael Crichton (based on the characters created by)"
10,The Other Woman (2014),Fox,"$24,763,752",4/25/2014,,,,5,2012,,,
11,Predators,Fox,"$24,760,882",7/9/2010,Ryan Coogler,,tt1825683,2,2018,"Chadwick Boseman, Michael B. Jordan, Lupita Nyong'o, Danai Gurira","Action, Adventure, Sci-Fi","Ryan Coogler, Joe Robert Cole, Stan Lee (based on the Marvel Comics by), Jack Kirby (based on the Marvel Comics by)"
12,Zombieland,Sony,"$24,733,155",10/2/2009,Joss Whedon,,tt2395427,5,2015,"Robert Downey Jr., Chris Hemsworth, Mark Ruffalo, Chris Evans","Action, Adventure, Sci-Fi","Joss Whedon, Stan Lee (based on the Marvel comics by), Jack Kirby (based on the Marvel comics by), Joe Simon (character created by: Captain America), Jack Kirby (character created by: Captain America), Jim Starlin (character created by: Thanos)"
13,10 Cloverfield Lane,Par.,"$24,727,437",3/11/2016,Brad Bird,,tt3606756,6,2018,"Craig T. Nelson, Holly Hunter, Sarah Vowell, Huck Milner","Animation, Action, Adventure",Brad Bird
14,Taken,Fox,"$24,717,037",1/30/2009,"Anthony Russo, Joe Russo",,tt3498820,5,2016,"Chris Evans, Robert Downey Jr., Scarlett Johansson, Sebastian Stan","Action, Adventure, Sci-Fi","Christopher Markus (screenplay by), Stephen McFeely (screenplay by), Joe Simon (based on the Marvel comics by), Jack Kirby (based on the Marvel comics by)"
15,The Accountant,WB,"$24,710,273",10/14/2016,,,,3,2017,,,
16,Collateral,DW,"$24,701,458",8/6/2004,Shane Black,,tt1300854,5,2013,"Robert Downey Jr., Gwyneth Paltrow, Don Cheadle, Guy Pearce","Action, Adventure, Sci-Fi","Drew Pearce (screenplay by), Shane Black (screenplay by), Stan Lee (based on the Marvel comic book by), Don Heck (based on the Marvel comic book by), Larry Lieber (based on the Marvel comic book by), Jack Kirby (based on the Marvel comic book by), Warren Ellis (based on the ""Extremis"" mini-series written by), Adi Granov (based on the ""Extremis"" mini-series illustrated by)"
17,Congo,Par.,"$24,642,539",6/9/1995,David Yates,,tt1201607,7,2011,"Ralph Fiennes, Michael Gambon, Alan Rickman, Daniel Radcliffe","Adventure, Drama, Fantasy","Steve Kloves (screenplay), J.K. Rowling (novel)"
18,Lee Daniels' The Butler,Wein.,"$24,637,312",8/16/2013,Zack Snyder,,tt2975590,3,2016,"Ben Affleck, Henry Cavill, Amy Adams, Jesse Eisenberg","Action, Adventure, Fantasy","Chris Terrio, David S. Goyer, Bob Kane (Batman created by), Bill Finger (Batman created by), Jerry Siegel (Superman created by), Joe Shuster (Superman created by), William Moulton Marston (character created by: Wonder Woman)"
19,Flightplan,BV,"$24,629,938",9/23/2005,Christopher Nolan,,tt1345836,7,2012,"Christian Bale, Gary Oldman, Tom Hardy, Joseph Gordon-Levitt","Action, Thriller","Jonathan Nolan (screenplay), Christopher Nolan (screenplay), Christopher Nolan (story), David S. Goyer (story), Bob Kane (characters)"
21,Eraser,WB,"$24,566,446",6/21/1996,Francis Lawrence,,tt1951264,11,2013,"Jennifer Lawrence, Liam Hemsworth, Jack Quaid, Taylor St. Clair","Action, Adventure, Mystery","Simon Beaufoy (screenplay), Michael Arndt (screenplay), Suzanne Collins (novel)"
22,The Girl on the Train (2016),Uni.,"$24,536,265",10/7/2016,Gareth Edwards,,tt3748528,12,2016,"Felicity Jones, Diego Luna, Alan Tudyk, Donnie Yen","Action, Adventure, Sci-Fi","Chris Weitz (screenplay by), Tony Gilroy (screenplay by), John Knoll (story by), Gary Whitta (story by), George Lucas (based on characters created by)"
23,The Emoji Movie,Sony,"$24,531,923",7/28/2017,Gary Ross,,tt1392170,3,2012,"Stanley Tucci, Wes Bentley, Jennifer Lawrence, Willow Shields","Adventure, Sci-Fi, Thriller","Gary Ross (screenplay), Suzanne Collins (screenplay), Billy Ray (screenplay), Suzanne Collins (novel)"
25,Forrest Gump,Par.,"$24,450,602",7/6/1994,J.A. Bayona,,tt4881806,6,2018,"Chris Pratt, Bryce Dallas Howard, Rafe Spall, Justice Smith","Action, Adventure, Sci-Fi","Derek Connolly, Colin Trevorrow, Michael Crichton (based on characters created by)"
26,Zero Dark Thirty,Sony,"$24,438,936",1/11/2013,James Wan,,tt2820852,4,2015,"Vin Diesel, Paul Walker, Jason Statham, Michelle Rodriguez","Action, Crime, Thriller","Chris Morgan, Gary Scott Thompson (characters)"
27,Mean Girls,Par.,"$24,432,195",4/30/2004,James Gunn,,tt3896198,5,2017,"Chris Pratt, Zoe Saldana, Dave Bautista, Vin Diesel","Action, Adventure, Sci-Fi","James Gunn, Dan Abnett (based on the Marvel comics by), Andy Lanning (based on the Marvel comics by), Steve Englehart (Star-Lord created by), Steve Gan (Star-Lord created by), Jim Starlin (Gamora and Drax created by), Stan Lee (Groot created by), Larry Lieber (Groot created by), Jack Kirby (Groot created by), Bill Mantlo (Rocket Raccoon created by), Keith Giffen (Rocket Raccoon created by), Steve Gerber (Howard the Duck created by), Val Mayerik (Howard the Duck created by)"
29,Race to Witch Mountain,BV,"$24,402,214",3/13/2009,Bill Condon,,tt1673434,11,2012,"Kristen Stewart, Robert Pattinson, Taylor Lautner, Peter Facinelli","Adventure, Drama, Fantasy","Melissa Rosenberg (screenplay), Stephenie Meyer (novel)"
30,Contraband,Uni.,"$24,349,815",1/13/2012,N/A,,tt2395475,11,2011,Juley Ross,Short,N/A
32,The Haunted Mansion,BV,"$24,278,410",11/26/2003,,,,6,2016,,,
33,The Last Samurai,WB,"$24,271,354",12/5/2003,,,,8,2016,,,
34,TMNT,WB,"$24,255,205",3/23/2007,,,,2,2016,,,
35,No Good Deed (2014),SGem,"$24,250,283",9/12/2014,,,,5,2010,,,
36,Barbershop 2: Back in Business,MGM,"$24,241,612",2/6/2004,,,,5,2018,,,
37,"Me, Myself and Irene",Fox,"$24,209,385",6/23/2000,,,,11,2010,,,
38,The Princess and the Frog,BV,"$24,208,916",12/11/2009,,,,9,2017,,,
39,The Addams Family,Par.,"$24,203,754",11/22/1991,,,,11,2017,,,
40,Coach Carter,Par.,"$24,182,961",1/14/2005,,,,11,2014,,,
42,Warcraft,Uni.,"$24,166,110",6/10/2016,,,,7,2017,,,
43,Con Air,BV,"$24,131,738",6/6/1997,,,,6,2013,,,
44,Exodus: Gods and Kings,Fox,"$24,115,934",12/12/2014,,,,3,2010,,,
45,White Noise,Uni.,"$24,113,565",1/7/2005,,,,7,2015,,,
48,Tower Heist,Uni.,"$24,025,190",11/4/2011,,,,6,2010,,,
52,Fahrenheit 9/11,Lions,"$23,920,637",6/25/2004,,,,7,2016,,,
53,Captain Underpants: The First Epic Movie,Fox,"$23,851,539",6/2/2017,,,,4,2016,,,
54,Bad Moms,STX,"$23,817,340",7/29/2016,,,,6,2017,,,
57,Rise of the Guardians,P/DW,"$23,773,465",11/21/2012,,,,11,2015,,,
59,The Fugitive,WB,"$23,758,855",8/6/1993,,,,6,2014,,,
60,Diary of a Wimpy Kid: Rodrick Rules,Fox,"$23,751,502",3/25/2011,,,,4,2017,,,
62,Fury (2014),Sony,"$23,702,421",10/17/2014,,,,6,2011,,,
63,Resident Evil: Extinction,SGem,"$23,678,580",9/21/2007,,,,5,2013,,,
64,Tomb Raider,WB,"$23,633,317",3/16/2018,,,,4,2014,,,
65,Open Season,Sony,"$23,624,548",9/29/2006,,,,8,2014,,,
66,Goosebumps,Sony,"$23,618,556",10/16/2015,,,,11,2017,,,
68,Dinner for Schmucks,P/DW,"$23,527,839",7/30/2010,,,,5,2014,,,
70,The Amityville Horror (2005),MGM,"$23,507,007",4/15/2005,,,,5,2014,,,
71,Be Cool,MGM,"$23,450,212",3/4/2005,,,,5,2014,,,
72,Tyler Perry's I Can Do Bad All By Myself,LGF,"$23,446,785",9/11/2009,,,,6,2015,,,
74,Once Upon a Time in Mexico,Sony,"$23,424,118",9/12/2003,,,,5,2011,,,
75,Face/Off,Par.,"$23,387,530",6/27/1997,,,,1,2015,,,
76,The Taking of Pelham 1 2 3,Sony,"$23,373,102",6/12/2009,,,,3,2017,,,
77,The Polar Express,WB,"$23,323,463",11/10/2004,,,,11,2012,,,
80,Alvin and the Chipmunks: Chipwrecked,Fox,"$23,244,744",12/16/2011,,,,4,2011,,,
81,Eragon,Fox,"$23,239,907",12/15/2006,,,,5,2011,,,
82,Michael Jackson's This Is It,Sony,"$23,234,394",10/28/2009,,,,11,2013,,,
84,Double Jeopardy,Par.,"$23,162,542",9/24/1999,,,,2,2015,,,
85,The Mask,NL,"$23,117,068",7/29/1994,,,,11,2016,,,
87,Monster-in-Law,NL,"$23,105,133",5/13/2005,,,,12,2012,,,
88,Eat Pray Love,Sony,"$23,104,523",8/13/2010,,,,5,2018,,,
90,Resident Evil: Apocalypse,SGem,"$23,036,273",9/10/2004,,,,7,2013,,,
91,Return of the Jedi,Fox,"$23,019,618",5/25/1983,,,,6,2013,,,
93,The Haunting in Connecticut,LGF,"$23,004,765",3/27/2009,,,,3,2013,,,
100,The Interpreter,Uni.,"$22,822,455",4/22/2005,,,,3,2016,,,
101,Hidden Figures,Fox,"$22,800,057",1/6/2017,,,,11,2016,,,
103,Man on Fire,Fox,"$22,751,490",4/23/2004,,,,12,2013,,,
106,Insidious Chapter 3,Focus,"$22,692,741",6/5/2015,,,,7,2014,,,
107,Unstoppable,Fox,"$22,688,457",11/12/2010,,,,6,2017,,,
111,The Time Machine,DW,"$22,610,437",3/8/2002,,,,5,2010,,,
114,Dick Tracy,BV,"$22,543,911",6/15/1990,,,,11,2015,,,
116,The Mask of Zorro,Sony,"$22,525,855",7/17/1998,,,,3,2012,,,
117,Heaven is for Real,TriS,"$22,522,221",4/16/2014,,,,5,2013,,,
119,Shallow Hal,Fox,"$22,518,295",11/9/2001,,,,5,2014,,,
121,Life of Pi,Fox,"$22,451,514",11/21/2012,,,,5,2015,,,
122,The Social Network,Sony,"$22,445,653",10/1/2010,,,,2,2014,,,
129,Disturbia,P/DW,"$22,224,982",4/13/2007,,,,3,2015,,,
132,Freaky Friday,BV,"$22,203,007",8/6/2003,,,,11,2013,,,
133,Die Hard: With A Vengeance,Fox,"$22,162,245",5/19/1995,,,,6,2013,,,
134,Poseidon,WB,"$22,155,410",5/12/2006,,,,6,2012,,,
135,Diary of a Wimpy Kid,Fox,"$22,126,166",3/19/2010,,,,6,2011,,,
136,Ghost Rider: Spirit of Vengeance,Sony,"$22,115,334",2/17/2012,,,,5,2016,,,
137,It's Complicated,Uni.,"$22,100,820",12/25/2009,,,,5,2011,,,
138,Kill Bill Vol. 1,Mira.,"$22,089,322",10/10/2003,,,,8,2014,,,
141,Starship Troopers,Sony,"$22,058,773",11/7/1997,,,,7,2011,,,
143,Chronicle (2012),Fox,"$22,004,098",2/3/2012,,,,6,2010,,,
147,Tyler Perry's Diary of a Mad Black Woman,Lions,"$21,905,089",2/25/2005,,,,5,2017,,,
148,Inspector Gadget,BV,"$21,889,138",7/23/1999,,,,7,2010,,,
154,Neighbors 2: Sorority Rising,Uni.,"$21,760,405",5/20/2016,,,,7,2012,,,
155,Underworld,SGem,"$21,753,759",9/19/2003,,,,4,2010,,,
156,Die Hard 2: Die Harder,Fox,"$21,744,661",7/6/1990,,,,3,2017,,,
157,Texas Chainsaw 3D,LGF,"$21,744,470",1/4/2013,,,,6,2012,,,
159,Shaft,Par.,"$21,714,757",6/16/2000,,,,8,2015,,,
163,Lights Out,WB (NL),"$21,688,103",7/22/2016,,,,7,2016,,,
164,RoboCop (2014),Sony,"$21,681,430",2/12/2014,,,,7,2016,,,
170,Fool's Gold,WB,"$21,589,295",2/8/2008,,,,7,2015,,,
171,Tammy,WB (NL),"$21,577,049",7/2/2014,,,,6,2014,,,
173,"You, Me and Dupree",Uni.,"$21,525,560",7/14/2006,,,,11,2016,,,
174,Pete's Dragon (2016),BV,"$21,514,095",8/12/2016,,,,7,2010,,,
175,American Reunion,Uni.,"$21,514,080",4/6/2012,,,,7,2017,,,
176,Hercules,BV,"$21,454,451",6/27/1997,,,,2,2010,,,
177,The 40-Year-Old Virgin,Uni.,"$21,422,815",8/19/2005,,,,6,2012,,,
178,The Stepford Wives,Par.,"$21,406,781",6/11/2004,,,,11,2014,,,
181,The Hitman's Bodyguard,LG/S,"$21,384,504",8/18/2017,,,,10,2013,,,
182,Ice Age: Collision Course,Fox,"$21,373,064",7/22/2016,,,,6,2010,,,
183,Tyler Perry's Why Did I Get Married?,LGF,"$21,353,789",10/12/2007,,,,7,2015,,,
185,Storks,WB,"$21,311,407",9/23/2016,,,,2,2015,,,
187,Happy Feet Two,WB,"$21,237,068",11/18/2011,,,,6,2011,,,
191,Waterworld,Uni.,"$21,171,780",7/28/1995,,,,8,2011,,,
192,The Adjustment Bureau,Uni.,"$21,157,730",3/4/2011,,,,12,2014,,,
194,Bride Wars,Fox,"$21,058,173",1/9/2009,,,,3,2014,,,
195,13 Going on 30,SonR,"$21,054,283",4/23/2004,,,,5,2012,,,
196,Resident Evil: Retribution,SGem,"$21,052,227",9/14/2012,,,,5,2015,,,
198,Lincoln,BV,"$21,049,406",11/16/2012,,,,6,2012,,,
199,Law Abiding Citizen,Over.,"$21,039,502",10/16/2009,,,,10,2015,,,
202,The Forgotten,SonR,"$21,022,111",9/24/2004,,,,6,2017,,,
203,Journey to the Center of the Earth,WB (NL),"$21,018,141",7/11/2008,,,,6,2011,,,
204,The Strangers,Rog.,"$20,997,985",5/30/2008,,,,7,2013,,,
205,Insomnia,WB,"$20,930,169",5/24/2002,,,,2,2017,,,
207,The Woman in Black,CBS,"$20,874,072",2/3/2012,,,,10,2011,,,
210,The Grudge 2,Sony,"$20,825,300",10/13/2006,,,,3,2015,,,
213,Prom Night (2008),SGem,"$20,804,941",4/11/2008,,,,3,2015,,,
217,Guess Who,Sony,"$20,671,446",3/25/2005,,,,6,2012,,,
219,The Wedding Ringer,SGem,"$20,649,306",1/16/2015,,,,11,2017,,,
222,Contact,WB,"$20,584,908",7/11/1997,,,,7,2017,,,
224,Blockers,Uni.,"$20,556,350",4/6/2018,,,,10,2010,,,
227,Takers,SGem,"$20,512,304",8/27/2010,,,,4,2018,,,
228,Scary Movie 2,Mira.,"$20,503,356",7/4/2001,,,,3,2017,,,
230,Mrs. Doubtfire,Fox,"$20,468,847",11/24/1993,,,,5,2013,,,
6,Rocky IV,UA,"$19,991,537",11/27/1985,"Anthony Russo, Joe Russo",,tt4154756,4,2018,"Robert Downey Jr., Chris Hemsworth, Mark Ruffalo, Chris Evans","Action, Adventure, Fantasy","Christopher Markus (screenplay by), Stephen McFeely (screenplay by), Stan Lee (based on the Marvel comics by), Jack Kirby (based on the Marvel comics by), Joe Simon (Captain America created by), Jack Kirby (Captain America created by), Steve Englehart (Star-Lord created by), Steve Gan (Star-Lord created by), Bill Mantlo (Rocket Raccoon created by), Keith Giffen (Rocket Raccoon created by), Jim Starlin (Thanos,  Gamora and Drax created by), Stan Lee (Groot created by), Larry Lieber (Groot created by), Jack Kirby (Groot created by), Steve Englehart (Mantis created by), Don Heck (Mantis created by)"
7,Pitch Perfect 3,Uni.,"$19,928,525",12/22/2017,J.J. Abrams,,tt2488496,12,2015,"Harrison Ford, Mark Hamill, Carrie Fisher, Adam Driver","Action, Adventure, Fantasy","Lawrence Kasdan, J.J. Abrams, Michael Arndt, George Lucas (based on characters created by)"
8,102 Dalmatians,BV,"$19,883,351",11/22/2000,Rian Johnson,,tt2527336,12,2017,"Mark Hamill, Carrie Fisher, Adam Driver, Daisy Ridley","Action, Adventure, Fantasy","Rian Johnson, George Lucas (based on characters created by)"
9,Ouija,Uni.,"$19,875,995",10/24/2014,Colin Trevorrow,,tt0369610,6,2015,"Chris Pratt, Bryce Dallas Howard, Irrfan Khan, Vincent D'Onofrio","Action, Adventure, Sci-Fi","Rick Jaffa (screenplay by), Amanda Silver (screenplay by), Colin Trevorrow (screenplay by), Derek Connolly (screenplay by), Rick Jaffa (story by), Amanda Silver (story by), Michael Crichton (based on the characters created by)"
10,Kick-Ass,LGF,"$19,828,687",4/16/2010,,,,5,2012,,,
11,The Unborn (2009),Uni.,"$19,810,585",1/9/2009,Ryan Coogler,,tt1825683,2,2018,"Chadwick Boseman, Michael B. Jordan, Lupita Nyong'o, Danai Gurira","Action, Adventure, Sci-Fi","Ryan Coogler, Joe Robert Cole, Stan Lee (based on the Marvel Comics by), Jack Kirby (based on the Marvel Comics by)"
12,The Cable Guy,Sony,"$19,806,226",6/14/1996,Joss Whedon,,tt2395427,5,2015,"Robert Downey Jr., Chris Hemsworth, Mark Ruffalo, Chris Evans","Action, Adventure, Sci-Fi","Joss Whedon, Stan Lee (based on the Marvel comics by), Jack Kirby (based on the Marvel comics by), Joe Simon (character created by: Captain America), Jack Kirby (character created by: Captain America), Jim Starlin (character created by: Thanos)"
13,Spawn,NL,"$19,738,749",8/1/1997,Brad Bird,,tt3606756,6,2018,"Craig T. Nelson, Holly Hunter, Sarah Vowell, Huck Milner","Animation, Action, Adventure",Brad Bird
14,Hansel and Gretel: Witch Hunters,Par.,"$19,690,956",1/25/2013,"Anthony Russo, Joe Russo",,tt3498820,5,2016,"Chris Evans, Robert Downey Jr., Scarlett Johansson, Sebastian Stan","Action, Adventure, Sci-Fi","Christopher Markus (screenplay by), Stephen McFeely (screenplay by), Joe Simon (based on the Marvel comics by), Jack Kirby (based on the Marvel comics by)"
15,White Chicks,Sony,"$19,676,748",6/23/2004,,,,3,2017,,,
16,The Grey,ORF,"$19,665,101",1/27/2012,Shane Black,,tt1300854,5,2013,"Robert Downey Jr., Gwyneth Paltrow, Don Cheadle, Guy Pearce","Action, Adventure, Sci-Fi","Drew Pearce (screenplay by), Shane Black (screenplay by), Stan Lee (based on the Marvel comic book by), Don Heck (based on the Marvel comic book by), Larry Lieber (based on the Marvel comic book by), Jack Kirby (based on the Marvel comic book by), Warren Ellis (based on the ""Extremis"" mini-series written by), Adi Granov (based on the ""Extremis"" mini-series illustrated by)"
17,The Benchwarmers,SonR,"$19,656,429",4/7/2006,David Yates,,tt1201607,7,2011,"Ralph Fiennes, Michael Gambon, Alan Rickman, Daniel Radcliffe","Adventure, Drama, Fantasy","Steve Kloves (screenplay), J.K. Rowling (novel)"
18,No Strings Attached,Par.,"$19,652,921",1/21/2011,Zack Snyder,,tt2975590,3,2016,"Ben Affleck, Henry Cavill, Amy Adams, Jesse Eisenberg","Action, Adventure, Fantasy","Chris Terrio, David S. Goyer, Bob Kane (Batman created by), Bill Finger (Batman created by), Jerry Siegel (Superman created by), Joe Shuster (Superman created by), William Moulton Marston (character created by: Wonder Woman)"
19,Kingdom of Heaven,Fox,"$19,635,996",5/6/2005,Christopher Nolan,,tt1345836,7,2012,"Christian Bale, Gary Oldman, Tom Hardy, Joseph Gordon-Levitt","Action, Thriller","Jonathan Nolan (screenplay), Christopher Nolan (screenplay), Christopher Nolan (story), David S. Goyer (story), Bob Kane (characters)"
21,Paranormal Activity,Par.,"$19,617,650",10/16/2009,Francis Lawrence,,tt1951264,11,2013,"Jennifer Lawrence, Liam Hemsworth, Jack Quaid, Taylor St. Clair","Action, Adventure, Mystery","Simon Beaufoy (screenplay), Michael Arndt (screenplay), Suzanne Collins (novel)"
22,The Animal,SonR,"$19,610,520",6/1/2001,Gareth Edwards,,tt3748528,12,2016,"Felicity Jones, Diego Luna, Alan Tudyk, Donnie Yen","Action, Adventure, Sci-Fi","Chris Weitz (screenplay by), Tony Gilroy (screenplay by), John Knoll (story by), Gary Whitta (story by), George Lucas (based on characters created by)"
23,Year One,Sony,"$19,610,304",6/19/2009,Gary Ross,,tt1392170,3,2012,"Stanley Tucci, Wes Bentley, Jennifer Lawrence, Willow Shields","Adventure, Sci-Fi, Thriller","Gary Ross (screenplay), Suzanne Collins (screenplay), Billy Ray (screenplay), Suzanne Collins (novel)"
25,Pokemon: The Movie 2000,WB,"$19,575,608",7/21/2000,J.A. Bayona,,tt4881806,6,2018,"Chris Pratt, Bryce Dallas Howard, Rafe Spall, Justice Smith","Action, Adventure, Sci-Fi","Derek Connolly, Colin Trevorrow, Michael Crichton (based on characters created by)"
26,Hostel,Lions,"$19,556,099",1/6/2006,James Wan,,tt2820852,4,2015,"Vin Diesel, Paul Walker, Jason Statham, Michelle Rodriguez","Action, Crime, Thriller","Chris Morgan, Gary Scott Thompson (characters)"
27,U-571,Uni.,"$19,553,310",4/21/2000,James Gunn,,tt3896198,5,2017,"Chris Pratt, Zoe Saldana, Dave Bautista, Vin Diesel","Action, Adventure, Sci-Fi","James Gunn, Dan Abnett (based on the Marvel comics by), Andy Lanning (based on the Marvel comics by), Steve Englehart (Star-Lord created by), Steve Gan (Star-Lord created by), Jim Starlin (Gamora and Drax created by), Stan Lee (Groot created by), Larry Lieber (Groot created by), Jack Kirby (Groot created by), Bill Mantlo (Rocket Raccoon created by), Keith Giffen (Rocket Raccoon created by), Steve Gerber (Howard the Duck created by), Val Mayerik (Howard the Duck created by)"
29,The Santa Clause 3: The Escape Clause,BV,"$19,504,038",11/3/2006,Bill Condon,,tt1673434,11,2012,"Kristen Stewart, Robert Pattinson, Taylor Lautner, Peter Facinelli","Adventure, Drama, Fantasy","Melissa Rosenberg (screenplay), Stephenie Meyer (novel)"
30,Moneyball,Sony,"$19,501,302",9/23/2011,N/A,,tt2395475,11,2011,Juley Ross,Short,N/A
32,Another 48 HRS.,Par.,"$19,475,559",6/8/1990,,,,6,2016,,,
33,Argo,WB,"$19,458,109",10/12/2012,,,,8,2016,,,
34,The Italian Job,Par.,"$19,457,944",5/30/2003,,,,2,2016,,,
35,I Am Number Four,BV,"$19,449,893",2/18/2011,,,,5,2010,,,
36,Alien 3,Fox,"$19,449,867",5/22/1992,,,,5,2018,,,
37,The Huntsman: Winter's War,Uni.,"$19,445,035",4/22/2016,,,,11,2010,,,
38,The Nut Job,ORF,"$19,423,000",1/17/2014,,,,9,2017,,,
39,Brother Bear,BV,"$19,404,492",11/1/2003,,,,11,2017,,,
40,The Bucket List,WB,"$19,392,416",1/11/2008,,,,11,2014,,,
42,The Post,Fox,"$19,361,968",1/12/2018,,,,7,2017,,,
43,The Santa Clause,BV,"$19,321,992",11/11/1994,,,,6,2013,,,
44,Conspiracy Theory,WB,"$19,313,566",8/8/1997,,,,3,2010,,,
45,Aladdin,BV,"$19,289,073",11/25/1992,,,,7,2015,,,
48,Final Destination 3,NL,"$19,173,094",2/10/2006,,,,6,2010,,,
52,Tim Burton's Corpse Bride,WB,"$19,145,480",9/23/2005,,,,7,2016,,,
53,Stepmom,Sony,"$19,142,440",12/25/1998,,,,4,2016,,,
54,Burn After Reading,Focus,"$19,128,001",9/12/2008,,,,6,2017,,,
57,American Hustle,Sony,"$19,106,933",12/20/2013,,,,11,2015,,,
59,Back to the Future Part III,Uni.,"$19,089,645",5/25/1990,,,,6,2014,,,
60,Date Movie,Fox,"$19,076,261",2/17/2006,,,,4,2017,,,
62,The Terminal,DW,"$19,053,199",6/18/2004,,,,6,2011,,,
63,Riddick,Uni.,"$19,030,375",9/6/2013,,,,5,2013,,,
64,Boogeyman,SGem,"$19,020,655",2/4/2005,,,,4,2014,,,
65,The Score,Par.,"$19,018,807",7/13/2001,,,,8,2014,,,
66,Sicario: Day of the Soldado,Sony,"$19,015,000",6/29/2018,,,,11,2017,,,
68,The Spiderwick Chronicles,Par.,"$19,004,058",2/14/2008,,,,5,2014,,,
70,The First Wives Club,Par.,"$18,913,411",9/20/1996,,,,5,2014,,,
71,Step Up 2 the Streets,BV,"$18,908,826",2/14/2008,,,,5,2014,,,
72,Limitless,Rela.,"$18,907,302",3/18/2011,,,,6,2015,,,
74,Land of the Lost,Uni.,"$18,837,350",6/5/2009,,,,5,2011,,,
75,Hidalgo,BV,"$18,829,435",3/5/2004,,,,1,2015,,,
76,Flushed Away,P/DW,"$18,814,323",11/3/2006,,,,3,2017,,,
77,Red Tails,Fox,"$18,782,154",1/20/2012,,,,11,2012,,,
80,World Trade Center,Par.,"$18,730,762",8/9/2006,,,,4,2011,,,
81,Me Before You,WB (NL),"$18,723,269",6/3/2016,,,,5,2011,,,
82,Maid in Manhattan,SonR,"$18,711,407",12/13/2002,,,,11,2013,,,
84,Scream 4,W/Dim.,"$18,692,090",4/15/2011,,,,2,2015,,,
85,Focus (2015),WB,"$18,685,137",2/27/2015,,,,11,2016,,,
87,Truth or Dare,Uni.,"$18,667,855",4/13/2018,,,,12,2012,,,
88,The Time Traveler's Wife,WB (NL),"$18,623,171",8/14/2009,,,,5,2018,,,
90,Jurassic Park 3D,Uni.,"$18,620,145",4/5/2013,,,,7,2013,,,
91,Epic Movie,Fox,"$18,612,544",1/26/2007,,,,6,2013,,,
93,Are We There Yet?,SonR,"$18,575,214",1/21/2005,,,,3,2013,,,
100,Meet the Spartans,Fox,"$18,505,530",1/25/2008,,,,3,2016,,,
101,Baywatch,Par.,"$18,503,871",5/25/2017,,,,11,2016,,,
103,Dante's Peak,Uni.,"$18,479,435",2/7/1997,,,,12,2013,,,
106,You've Got Mail,WB,"$18,426,749",12/18/1998,,,,7,2014,,,
107,Indecent Proposal,Par.,"$18,387,632",4/9/1993,,,,6,2017,,,
111,"Alexander and the Terrible, Horrible, No Good, Very Bad Day",BV,"$18,360,230",10/10/2014,,,,5,2010,,,
114,Stigmata,MGM,"$18,309,666",9/10/1999,,,,11,2015,,,
116,Saw,Lions,"$18,276,468",10/29/2004,,,,3,2012,,,
117,The Birdcage,MGM,"$18,275,828",3/8/1996,,,,5,2013,,,
119,Secret Window,Sony,"$18,237,568",3/12/2004,,,,5,2014,,,
121,Cop Out,WB,"$18,211,126",2/26/2010,,,,5,2015,,,
122,Rambo,LGF,"$18,203,876",1/25/2008,,,,2,2014,,,
129,Bowfinger,Uni.,"$18,062,550",8/13/1999,,,,3,2015,,,
132,Lady in the Water,WB,"$18,044,396",7/21/2006,,,,11,2013,,,
133,Final Destination 5,WB (NL),"$18,031,396",8/12/2011,,,,6,2013,,,
134,The Green Mile,WB,"$18,017,152",12/10/1999,,,,6,2012,,,
135,Romeo Must Die,WB,"$18,014,503",3/22/2000,,,,6,2011,,,
136,Sinister,LG/S,"$18,007,634",10/12/2012,,,,5,2016,,,
137,The Guardian,BV,"$18,006,064",9/29/2006,,,,5,2011,,,
138,Hero,Mira.,"$18,004,319",8/27/2004,,,,8,2014,,,
141,Life of the Party,WB (NL),"$17,886,075",5/11/2018,,,,7,2011,,,
143,My Big Fat Greek Wedding 2,Uni.,"$17,861,950",3/25/2016,,,,6,2010,,,
147,Let's Be Cops,Fox,"$17,813,722",8/13/2014,,,,5,2017,,,
148,"I Love You, Man",P/DW,"$17,810,270",3/20/2009,,,,7,2010,,,
154,Forgetting Sarah Marshall,Uni.,"$17,725,330",4/18/2008,,,,7,2012,,,
155,First Sunday,SGem,"$17,714,821",1/11/2008,,,,4,2010,,,
156,Resident Evil,SGem,"$17,707,106",3/15/2002,,,,3,2017,,,
157,Surf's Up,Sony,"$17,640,249",6/8/2007,,,,6,2012,,,
159,Breaking In (2018),Uni.,"$17,630,285",5/11/2018,,,,8,2015,,,
163,Just Married,Fox,"$17,548,993",1/10/2003,,,,7,2016,,,
164,The Smurfs 2,Sony,"$17,548,389",7/31/2013,,,,7,2016,,,
170,Old School,DW,"$17,453,216",2/21/2003,,,,7,2015,,,
171,Michael,NL,"$17,435,711",12/25/1996,,,,6,2014,,,
173,Baby Mama,Uni.,"$17,407,110",4/25/2008,,,,11,2016,,,
174,This Means War,Fox,"$17,405,930",2/17/2012,,,,7,2010,,,
175,Tyler Perry's The Family That Preys,LGF,"$17,381,218",9/12/2008,,,,7,2017,,,
176,Star Trek V: The Final Frontier,Par.,"$17,375,648",6/9/1989,,,,2,2010,,,
177,Bring It On,Uni.,"$17,362,105",8/25/2000,,,,6,2012,,,
178,Into The Storm,WB (NL),"$17,346,427",8/8/2014,,,,11,2014,,,
181,Coyote Ugly,BV,"$17,319,282",8/4/2000,,,,10,2013,,,
182,Titanic 3D,Par.,"$17,285,453",4/4/2012,,,,6,2010,,,
183,The Boxtrolls,Focus,"$17,275,239",9/26/2014,,,,7,2015,,,
185,Down to Earth,Par.,"$17,268,883",2/16/2001,,,,2,2015,,,
187,Maverick,WB,"$17,248,545",5/20/1994,,,,6,2011,,,
191,The Client,WB,"$17,174,262",7/22/1994,,,,8,2011,,,
192,Tyler Perry's Acrimony,LGF,"$17,170,707",3/30/2018,,,,12,2014,,,
194,The Hunt for Red October,Par.,"$17,161,835",3/2/1990,,,,3,2014,,,
195,The Kingdom,Uni.,"$17,135,055",9/28/2007,,,,5,2012,,,
196,Changing Lanes,Par.,"$17,128,062",4/12/2002,,,,5,2015,,,
198,I Can Only Imagine,RAtt.,"$17,108,914",3/16/2018,,,,6,2012,,,
199,Night at the Museum: Secret of the Tomb,Fox,"$17,100,520",12/19/2014,,,,10,2015,,,
202,Home Alone,Fox,"$17,081,997",11/16/1990,,,,6,2017,,,
203,Blade,NL,"$17,073,856",8/21/1998,,,,6,2011,,,
204,Gangster Squad,WB,"$17,070,347",1/11/2013,,,,7,2013,,,
205,The Butterfly Effect,NL,"$17,065,227",1/23/2004,,,,2,2017,,,
207,The Fifth Element,Sony,"$17,031,345",5/9/1997,,,,10,2011,,,
210,Hotel for Dogs,P/DW,"$17,012,212",1/16/2009,,,,3,2015,,,
213,Game Night,WB (NL),"$17,005,332",2/23/2018,,,,3,2015,,,
217,Old Dogs,BV,"$16,894,511",11/25/2009,,,,6,2012,,,
219,Star Trek IV: The Voyage Home,Par.,"$16,881,888",11/26/1986,,,,11,2017,,,
222,Red Sparrow,Fox,"$16,853,422",3/2/2018,,,,7,2017,,,
224,Water for Elephants,Fox,"$16,842,353",4/22/2011,,,,10,2010,,,
227,A Million Ways to Die in the West,Uni.,"$16,797,385",5/30/2014,,,,4,2018,,,
228,American Made,Uni.,"$16,776,390",9/29/2017,,,,3,2017,,,
230,A Bad Moms Christmas,STX,"$16,759,161",11/1/2017,,,,5,2013,,,
6,Priest,SGem,"$14,953,664",5/13/2011,"Anthony Russo, Joe Russo",,tt4154756,4,2018,"Robert Downey Jr., Chris Hemsworth, Mark Ruffalo, Chris Evans","Action, Adventure, Fantasy","Christopher Markus (screenplay by), Stephen McFeely (screenplay by), Stan Lee (based on the Marvel comics by), Jack Kirby (based on the Marvel comics by), Joe Simon (Captain America created by), Jack Kirby (Captain America created by), Steve Englehart (Star-Lord created by), Steve Gan (Star-Lord created by), Bill Mantlo (Rocket Raccoon created by), Keith Giffen (Rocket Raccoon created by), Jim Starlin (Thanos,  Gamora and Drax created by), Stan Lee (Groot created by), Larry Lieber (Groot created by), Jack Kirby (Groot created by), Steve Englehart (Mantis created by), Don Heck (Mantis created by)"
7,Tag,WB (NL),"$14,947,396",6/15/2018,J.J. Abrams,,tt2488496,12,2015,"Harrison Ford, Mark Hamill, Carrie Fisher, Adam Driver","Action, Adventure, Fantasy","Lawrence Kasdan, J.J. Abrams, Michael Arndt, George Lucas (based on characters created by)"
8,Dangerous Minds,BV,"$14,931,503",8/11/1995,Rian Johnson,,tt2527336,12,2017,"Mark Hamill, Carrie Fisher, Adam Driver, Daisy Ridley","Action, Adventure, Fantasy","Rian Johnson, George Lucas (based on characters created by)"
9,The Boy Next Door,Uni.,"$14,910,105",1/23/2015,Colin Trevorrow,,tt0369610,6,2015,"Chris Pratt, Bryce Dallas Howard, Irrfan Khan, Vincent D'Onofrio","Action, Adventure, Sci-Fi","Rick Jaffa (screenplay by), Amanda Silver (screenplay by), Colin Trevorrow (screenplay by), Derek Connolly (screenplay by), Rick Jaffa (story by), Amanda Silver (story by), Michael Crichton (based on the characters created by)"
10,Harold and Kumar Escape from Guantanamo Bay,WB (NL),"$14,908,404",4/25/2008,,,,5,2012,,,
11,Surrogates,BV,"$14,902,692",9/25/2009,Ryan Coogler,,tt1825683,2,2018,"Chadwick Boseman, Michael B. Jordan, Lupita Nyong'o, Danai Gurira","Action, Adventure, Sci-Fi","Ryan Coogler, Joe Robert Cole, Stan Lee (based on the Marvel Comics by), Jack Kirby (based on the Marvel Comics by)"
12,Passengers (2016),Sony,"$14,869,736",12/21/2016,Joss Whedon,,tt2395427,5,2015,"Robert Downey Jr., Chris Hemsworth, Mark Ruffalo, Chris Evans","Action, Adventure, Sci-Fi","Joss Whedon, Stan Lee (based on the Marvel comics by), Jack Kirby (based on the Marvel comics by), Joe Simon (character created by: Captain America), Jack Kirby (character created by: Captain America), Jim Starlin (character created by: Thanos)"
13,Inferno,Sony,"$14,860,425",10/28/2016,Brad Bird,,tt3606756,6,2018,"Craig T. Nelson, Holly Hunter, Sarah Vowell, Huck Milner","Animation, Action, Adventure",Brad Bird
14,Seven Pounds,Sony,"$14,851,136",12/19/2008,"Anthony Russo, Joe Russo",,tt3498820,5,2016,"Chris Evans, Robert Downey Jr., Scarlett Johansson, Sebastian Stan","Action, Adventure, Sci-Fi","Christopher Markus (screenplay by), Stephen McFeely (screenplay by), Joe Simon (based on the Marvel comics by), Jack Kirby (based on the Marvel comics by)"
15,Pitch Perfect,Uni.,"$14,846,830",10/5/2012,,,,3,2017,,,
16,American Assassin,LGF,"$14,846,778",9/15/2017,Shane Black,,tt1300854,5,2013,"Robert Downey Jr., Gwyneth Paltrow, Don Cheadle, Guy Pearce","Action, Adventure, Sci-Fi","Drew Pearce (screenplay by), Shane Black (screenplay by), Stan Lee (based on the Marvel comic book by), Don Heck (based on the Marvel comic book by), Larry Lieber (based on the Marvel comic book by), Jack Kirby (based on the Marvel comic book by), Warren Ellis (based on the ""Extremis"" mini-series written by), Adi Granov (based on the ""Extremis"" mini-series illustrated by)"
17,A Time to Kill,WB,"$14,823,159",7/24/1996,David Yates,,tt1201607,7,2011,"Ralph Fiennes, Michael Gambon, Alan Rickman, Daniel Radcliffe","Adventure, Drama, Fantasy","Steve Kloves (screenplay), J.K. Rowling (novel)"
18,Miracles from Heaven,TriS,"$14,812,393",3/16/2016,Zack Snyder,,tt2975590,3,2016,"Ben Affleck, Henry Cavill, Amy Adams, Jesse Eisenberg","Action, Adventure, Fantasy","Chris Terrio, David S. Goyer, Bob Kane (Batman created by), Bill Finger (Batman created by), Jerry Siegel (Superman created by), Joe Shuster (Superman created by), William Moulton Marston (character created by: Wonder Woman)"
19,Source Code,Sum.,"$14,812,094",4/1/2011,Christopher Nolan,,tt1345836,7,2012,"Christian Bale, Gary Oldman, Tom Hardy, Joseph Gordon-Levitt","Action, Thriller","Jonathan Nolan (screenplay), Christopher Nolan (screenplay), Christopher Nolan (story), David S. Goyer (story), Bob Kane (characters)"
21,Australia,Fox,"$14,800,723",11/26/2008,Francis Lawrence,,tt1951264,11,2013,"Jennifer Lawrence, Liam Hemsworth, Jack Quaid, Taylor St. Clair","Action, Adventure, Mystery","Simon Beaufoy (screenplay), Michael Arndt (screenplay), Suzanne Collins (novel)"
22,The Rite,WB (NL),"$14,789,393",1/28/2011,Gareth Edwards,,tt3748528,12,2016,"Felicity Jones, Diego Luna, Alan Tudyk, Donnie Yen","Action, Adventure, Sci-Fi","Chris Weitz (screenplay by), Tony Gilroy (screenplay by), John Knoll (story by), Gary Whitta (story by), George Lucas (based on characters created by)"
23,Money Monster,TriS,"$14,788,157",5/13/2016,Gary Ross,,tt1392170,3,2012,"Stanley Tucci, Wes Bentley, Jennifer Lawrence, Willow Shields","Adventure, Sci-Fi, Thriller","Gary Ross (screenplay), Suzanne Collins (screenplay), Billy Ray (screenplay), Suzanne Collins (novel)"
25,Made of Honor,Sony,"$14,756,850",5/2/2008,J.A. Bayona,,tt4881806,6,2018,"Chris Pratt, Bryce Dallas Howard, Rafe Spall, Justice Smith","Action, Adventure, Sci-Fi","Derek Connolly, Colin Trevorrow, Michael Crichton (based on characters created by)"
26,The Cabin in the Woods,LGF,"$14,743,614",4/13/2012,James Wan,,tt2820852,4,2015,"Vin Diesel, Paul Walker, Jason Statham, Michelle Rodriguez","Action, Crime, Thriller","Chris Morgan, Gary Scott Thompson (characters)"
27,The Messengers,SGem,"$14,713,321",2/2/2007,James Gunn,,tt3896198,5,2017,"Chris Pratt, Zoe Saldana, Dave Bautista, Vin Diesel","Action, Adventure, Sci-Fi","James Gunn, Dan Abnett (based on the Marvel comics by), Andy Lanning (based on the Marvel comics by), Steve Englehart (Star-Lord created by), Steve Gan (Star-Lord created by), Jim Starlin (Gamora and Drax created by), Stan Lee (Groot created by), Larry Lieber (Groot created by), Jack Kirby (Groot created by), Bill Mantlo (Rocket Raccoon created by), Keith Giffen (Rocket Raccoon created by), Steve Gerber (Howard the Duck created by), Val Mayerik (Howard the Duck created by)"
29,Overboard (2018),PNT,"$14,711,101",5/4/2018,Bill Condon,,tt1673434,11,2012,"Kristen Stewart, Robert Pattinson, Taylor Lautner, Peter Facinelli","Adventure, Drama, Fantasy","Melissa Rosenberg (screenplay), Stephenie Meyer (novel)"
30,Ali,Sony,"$14,710,892",12/25/2001,N/A,,tt2395475,11,2011,Juley Ross,Short,N/A
32,War Dogs,WB,"$14,685,305",8/19/2016,,,,6,2016,,,
33,Vacation,WB (NL),"$14,681,108",7/29/2015,,,,8,2016,,,
34,Absolute Power,Sony,"$14,678,016",2/14/1997,,,,2,2016,,,
35,Hope Springs,Sony,"$14,650,121",8/8/2012,,,,5,2010,,,
36,Smokin' Aces,Uni.,"$14,638,755",1/26/2007,,,,5,2018,,,
37,Sky High,BV,"$14,631,784",7/29/2005,,,,11,2010,,,
38,Diary of a Wimpy Kid: Dog Days,Fox,"$14,623,599",8/3/2012,,,,9,2017,,,
39,Private Parts,Par.,"$14,616,333",3/7/1997,,,,11,2017,,,
40,Star Wars: The Clone Wars,WB,"$14,611,273",8/15/2008,,,,11,2014,,,
42,The Number 23,NL,"$14,602,867",2/23/2007,,,,7,2017,,,
43,The Thomas Crown Affair,MGM,"$14,600,719",8/6/1999,,,,6,2013,,,
44,Volcano,Fox,"$14,581,740",4/25/1997,,,,3,2010,,,
45,Cold Mountain,Mira.,"$14,574,213",12/25/2003,,,,7,2015,,,
48,Crossroads,Par.,"$14,527,187",2/15/2002,,,,6,2010,,,
52,Life as We Know It,WB,"$14,506,464",10/8/2010,,,,7,2016,,,
53,Nanny McPhee,Uni.,"$14,503,650",1/27/2006,,,,4,2016,,,
54,Next Friday,NL,"$14,465,156",1/12/2000,,,,6,2017,,,
57,Sphere,WB,"$14,433,957",2/13/1998,,,,11,2015,,,
59,Gridiron Gang,Sony,"$14,414,630",9/15/2006,,,,6,2014,,,
60,Percy Jackson: Sea of Monsters,Fox,"$14,401,054",8/7/2013,,,,4,2017,,,
62,National Security,Sony,"$14,369,694",1/17/2003,,,,6,2011,,,
63,The Sentinel,Fox,"$14,367,854",4/21/2006,,,,5,2013,,,
64,Star Trek II: The Wrath of Khan,Par.,"$14,347,221",6/4/1982,,,,4,2014,,,
65,The Game,Poly,"$14,337,029",9/12/1997,,,,8,2014,,,
66,Snow Day,Par.,"$14,331,819",2/11/2000,,,,11,2017,,,
68,The Specialist,WB,"$14,317,765",10/7/1994,,,,5,2014,,,
70,In Good Company,Uni.,"$14,289,750",1/14/2005,,,,5,2014,,,
71,Alvin and the Chipmunks: The Road Chip,Fox,"$14,287,159",12/18/2015,,,,5,2014,,,
72,Blended,WB,"$14,284,031",5/23/2014,,,,6,2015,,,
74,John Tucker Must Die,Fox,"$14,276,534",7/28/2006,,,,5,2011,,,
75,The Devil's Own,Sony,"$14,274,503",3/28/1997,,,,1,2015,,,
76,"Honey, I Shrunk the Kids",BV,"$14,262,961",6/23/1989,,,,3,2017,,,
77,Are We Done Yet?,SonR,"$14,262,724",4/4/2007,,,,11,2012,,,
80,E.T. (20th Anniversary),Uni.,"$14,223,110",3/22/2002,,,,4,2011,,,
81,Quarantine,SGem,"$14,211,321",10/10/2008,,,,5,2011,,,
82,Hope Floats,Fox,"$14,210,464",5/29/1998,,,,11,2013,,,
84,Blue Crush,Uni.,"$14,169,455",8/16/2002,,,,2,2015,,,
85,Scary Movie 5,W/Dim.,"$14,157,367",4/12/2013,,,,11,2016,,,
87,Gods of Egypt,LG/S,"$14,123,903",2/26/2016,,,,12,2012,,,
88,The Last House on the Left (2009),Uni.,"$14,118,685",3/13/2009,,,,5,2018,,,
90,Addams Family Values,Par.,"$14,117,545",11/19/1993,,,,7,2013,,,
91,Anastasia,Fox,"$14,104,933",11/21/1997,,,,6,2013,,,
93,Dreamgirls,P/DW,"$14,100,050",12/25/2006,,,,3,2013,,,
100,Agent Cody Banks,MGM,"$14,064,317",3/14/2003,,,,3,2016,,,
101,Open Range,BV,"$14,047,781",8/15/2003,,,,11,2016,,,
103,Miss Congeniality 2: Armed and Fabulous,WB,"$14,043,215",3/24/2005,,,,12,2013,,,
106,Domestic Disturbance,Par.,"$14,033,112",11/2/2001,,,,7,2014,,,
107,The Heartbreak Kid,P/DW,"$14,022,105",10/5/2007,,,,6,2017,,,
111,High Crimes,Fox,"$14,005,550",4/5/2002,,,,5,2010,,,
114,Seven,NL,"$13,949,807",9/22/1995,,,,11,2015,,,
116,Hot Pursuit,WB (NL),"$13,942,258",5/8/2015,,,,3,2012,,,
117,The Siege,Fox,"$13,931,285",11/6/1998,,,,5,2013,,,
119,Racing Stripes,WB,"$13,920,052",1/14/2005,,,,5,2014,,,
121,Home on the Range,BV,"$13,880,771",4/2/2004,,,,5,2015,,,
122,"Dude, Where's My Car?",Fox,"$13,845,914",12/15/2000,,,,2,2014,,,
129,Snakes on a Plane,NL,"$13,806,311",8/18/2006,,,,3,2015,,,
132,There's Something About Mary,Fox,"$13,740,644",7/15/1998,,,,11,2013,,,
133,A League of Their Own,Sony,"$13,739,456",7/1/1992,,,,6,2013,,,
134,The Whole Nine Yards,WB,"$13,731,070",2/18/2000,,,,6,2012,,,
135,Moulin Rouge!,Fox,"$13,718,306",6/1/2001,,,,6,2011,,,
136,Geostorm,WB,"$13,707,376",10/20/2017,,,,5,2016,,,
137,The Commuter,LGF,"$13,701,452",1/12/2018,,,,5,2011,,,
138,Underworld: Blood Wars,SGem,"$13,688,751",1/6/2017,,,,8,2014,,,
141,Good Luck Chuck,LGF,"$13,652,001",9/21/2007,,,,7,2011,,,
143,Firewall,WB,"$13,635,463",2/10/2006,,,,6,2010,,,
147,Resident Evil: The Final Chapter,SGem,"$13,601,682",1/27/2017,,,,5,2017,,,
148,College Road Trip,BV,"$13,601,419",3/7/2008,,,,7,2010,,,
154,Hereditary,A24,"$13,575,172",6/8/2018,,,,7,2012,,,
155,Hanging Up,Sony,"$13,567,978",2/18/2000,,,,4,2010,,,
156,Letters to Juliet,Sum.,"$13,540,486",5/14/2010,,,,3,2017,,,
157,Hall Pass,WB (NL),"$13,535,374",2/25/2011,,,,6,2012,,,
159,Without a Paddle,Par.,"$13,528,946",8/20/2004,,,,8,2015,,,
163,Cop Land,Mira.,"$13,510,482",8/15/1997,,,,7,2016,,,
164,The Wedding Planner,Sony,"$13,510,293",1/26/2001,,,,7,2016,,,
170,Paycheck,Par.,"$13,462,374",12/25/2003,,,,7,2015,,,
171,That's My Boy,Sony,"$13,453,714",6/15/2012,,,,6,2014,,,
173,Jaws 3-D,Uni.,"$13,422,500",7/22/1983,,,,11,2016,,,
174,The Man From U.N.C.L.E.,WB,"$13,421,036",8/14/2015,,,,7,2010,,,
175,Outbreak,WB,"$13,420,387",3/10/1995,,,,7,2017,,,
176,Nights in Rodanthe,WB,"$13,418,454",9/26/2008,,,,2,2010,,,
177,Stranger Than Fiction,Sony,"$13,411,093",11/10/2006,,,,6,2012,,,
178,Evolution,DW,"$13,408,351",6/8/2001,,,,11,2014,,,
181,Superman III,WB,"$13,352,357",6/17/1983,,,,10,2013,,,
182,Brooklyn's Finest,Over.,"$13,350,299",3/5/2010,,,,6,2010,,,
183,Chappie,Sony,"$13,346,782",3/6/2015,,,,7,2015,,,
185,Kick-Ass 2,Uni.,"$13,332,955",8/16/2013,,,,2,2015,,,
187,Jersey Boys,WB,"$13,319,371",6/20/2014,,,,6,2011,,,
191,Kiss of the Dragon,Fox,"$13,304,027",7/6/2001,,,,8,2011,,,
192,Radio,SonR,"$13,303,724",10/24/2003,,,,12,2014,,,
194,Stealth,Sony,"$13,251,545",7/29/2005,,,,3,2014,,,
195,Everest (2015),Uni.,"$13,242,895",9/25/2015,,,,5,2012,,,
196,Book of Shadows: Blair Witch 2,Art.,"$13,223,887",10/27/2000,,,,5,2015,,,
198,Kiss the Girls,Par.,"$13,215,167",10/3/1997,,,,6,2012,,,
199,Nim's Island,Fox,"$13,210,579",4/4/2008,,,,10,2015,,,
202,The Age of Adaline,LGF,"$13,203,458",4/24/2015,,,,6,2017,,,
203,Hitman,Fox,"$13,180,769",11/21/2007,,,,6,2011,,,
204,The American,Focus,"$13,177,790",9/1/2010,,,,7,2013,,,
205,Snitch,LG/S,"$13,167,607",2/22/2013,,,,2,2017,,,
207,Crimson Peak,Uni.,"$13,143,310",10/16/2015,,,,10,2011,,,
210,The Foreigner,STX,"$13,113,024",10/13/2017,,,,3,2015,,,
213,Jeepers Creepers,UA,"$13,106,108",8/31/2001,,,,3,2015,,,
217,Matchstick Men,WB,"$13,087,307",9/12/2003,,,,6,2012,,,
219,Bandits,MGM,"$13,050,700",10/12/2001,,,,11,2017,,,
222,For Love of the Game,Uni.,"$13,041,685",9/17/1999,,,,7,2017,,,
224,City Slickers,Col.,"$13,032,121",6/7/1991,,,,10,2010,,,
227,Cruel Intentions,Sony,"$13,020,565",3/5/1999,,,,4,2018,,,
228,The Longest Ride,Fox,"$13,019,686",4/10/2015,,,,3,2017,,,
230,Random Hearts,Sony,"$13,012,585",10/8/1999,,,,5,2013,,,
